id,tweet,date,retweets_count,replies_count,likes_count,quote_url,sentiment,tidy_tweets,absolute_tidy_tweets
1577654769098842112,Ya estÃ¡n aquÃ­ nuestros primeros mini emprendedores ğŸ¤© pasÃ¡ndoselo en grande mientras empiezan el proceso de ideaciÃ³n de sus proyectos-   Con el programa de @GenyusSchool descubren su YO emprendedor mientras se diviertenğŸ‘  Â¡AÃºn estÃ¡s a tiempo!ğŸ‘‰ https://t.co/uaEMCO1jGy  https://t.co/80gibJEUcI,2022-10-05,2,0,3,,pos,ya estÃ¡n aquÃ­ nuestros primeros mini emprendedores  pasÃ¡ndoselo en grande mientras empiezan el proceso de ideaciÃ³n de sus proyectos  con el programa de  descubren su yo emprendedor mientras se divierten aÃºn estÃ¡s a tiempo,aquÃ­ primeros mini emprendedores pasÃ¡ndoselo grande mientras empiezan proceso ideaciÃ³n proyectos programa descubren emprendedor mientras divierten aÃºn tiempo
1577564440530124802,Â¡Feliz DÃ­a a nuestros Lead Instructors y Teacher Assistants! ğŸ‰ Sabemos que en ocasiones un #bootcamp es duro para tod@s pero cada dÃ­a dais el ğŸ’¯%  Â¡Gracias por hacer lo #digital mucho mÃ¡s fÃ¡cil!  #diamundialdelosdocentes #data #ciber #desarrollowebfullstack #mkt #uxui #cloud  https://t.co/Qnehy8ODCq,2022-10-05,2,0,2,,pos,feliz dÃ­a a nuestros lead instructors y teacher assistants  sabemos que en ocasiones un bootcamp es duro para tod pero cada dÃ­a dais el  gracias por hacer lo digital mucho mÃ¡s fÃ¡cil diamundialdelosdocentes data ciber desarrollowebfullstack mkt uxui cloud,feliz dÃ­a lead instructors teacher assistants sabemos ocasiones bootcamp duro tod cada dÃ­a dais gracias hacer digital fÃ¡cil diamundialdelosdocentes data ciber desarrollowebfullstack mkt uxui cloud
1577334577701453827,"Recordaros que la semana que viene tenemos la primera quedada #CPS en Madrid, en @TheBridge_Tech, en el que tendremos la gran suerte de contar con @Recuenco para que nos dÃ© una charla. Las plazas se han agotado, pero os podÃ©is apuntar al grupo para prÃ³ximas quedadas ğŸš€",2022-10-04,2,0,12,,pos,recordaros que la semana que viene tenemos la primera quedada cps en madrid en  en el que tendremos la gran suerte de contar con  para que nos dÃ© una charla las plazas se han agotado pero os podÃ©is apuntar al grupo para prÃ³ximas quedadas ,recordaros semana viene primera quedada cps madrid gran suerte contar dÃ© charla plazas agotado podÃ©is apuntar grupo prÃ³ximas quedadas
1576951801047179264,"Â¡Vuelven las #becas Digital Talent Pipeline!  1âƒ£0âƒ£0âƒ£ becas para formarte en la prÃ³xima ediciÃ³n de nuestros #bootcamp en Madrid, Valencia y Sevilla.  Â¡Solicita ya tu beca!ğŸƒâ€â™€ï¸ https://t.co/V5kikwpJrD  #dtp #becasformacion #digitaltalent  https://t.co/q7RVbD2iLU",2022-10-03,1,0,1,,pos,vuelven las becas digital talent pipeline  becas para formarte en la prÃ³xima ediciÃ³n de nuestros bootcamp en madrid valencia y sevilla solicita ya tu becaâ€ dtp becasformacion digitaltalent,vuelven becas digital talent pipeline becas formarte prÃ³xima ediciÃ³n bootcamp madrid valencia sevilla solicita becaâ€ dtp becasformacion digitaltalent
1576902991507922944,El desarrollador web es uno de los perfiles mÃ¡s demandados en el mercado laboral ğŸ“ˆ  Descubre nuestro #bootcamp Desarrollo Web Full Stack de la mano de @TheBridge_Tech ğŸ’»  Toda la informaciÃ³n aquÃ­! ğŸ‘‡  https://t.co/LOoTu97aQq  https://t.co/xpaAzxXSDX,2022-10-03,3,0,3,,pos,el desarrollador web es uno de los perfiles mÃ¡s demandados en el mercado laboral  descubre nuestro bootcamp desarrollo web full stack de la mano de   toda la informaciÃ³n aquÃ­ ,desarrollador web perfiles demandados mercado laboral descubre bootcamp desarrollo web full stack mano toda informaciÃ³n aquÃ­
1576856703349374976,@jorgegrev @TheBridge_Tech Enhorabuena crack!,2022-10-03,0,0,1,,pos,  enhorabuena crack,enhorabuena crack
1575217357105946624,Hoy por fin ve la luz mi primer Case Study pÃºblico. Un trabajo intensivo de fin de bootcamp realizado con un cliente real @emancipaTIC  y dos semanas para que las 5 verticales en @TheBridge_Tech hiciÃ©semos realidad un MVP. Os invito a verlo y dar feedback.  https://t.co/rkCjxulYS9  https://t.co/PqM0dvxj3X,2022-09-28,3,0,4,,pos,hoy por fin ve la luz mi primer case study pÃºblico un trabajo intensivo de fin de bootcamp realizado con un cliente real  y dos semanas para que las  verticales en  hiciÃ©semos realidad un mvp os invito a verlo y dar feedback,hoy fin ve luz primer case study pÃºblico trabajo intensivo fin bootcamp realizado cliente real dos semanas verticales hiciÃ©semos realidad mvp invito verlo dar feedback
1575074337761132545,Â¡Nuevo acuerdo de colaboraciÃ³n con @michaelpage_es! ğŸ¤  ğŸ‘©â€ğŸ’»Alianza clave en nuestro objetivo de reducir la brecha de competencias digitales y dotar de profesionales tÃ©cnicos a las empresas.  #brechadigital #empleabilidad #digitaltalent  https://t.co/tEFiLxMjnA,2022-09-28,1,0,4,,pos,nuevo acuerdo de colaboraciÃ³n con   â€alianza clave en nuestro objetivo de reducir la brecha de competencias digitales y dotar de profesionales tÃ©cnicos a las empresas brechadigital empleabilidad digitaltalent,nuevo acuerdo colaboraciÃ³n â€alianza clave objetivo reducir brecha competencias digitales dotar profesionales tÃ©cnicos empresas brechadigital empleabilidad digitaltalent
1574849353172373504,"Â¿Eres o quieres ser talento IT y estÃ¡s en EspaÃ±a? ğŸ‡ªğŸ‡¸ Si la respuesta es sÃ­, te contamos que tenemos alianzas con @IDBootcamps y @TheBridge_TechğŸ’»  Estamos felices abrir nuestras puertas para que estudiantes de nuestros partners se conviertan en futuros Yellowers ğŸ¥³",2022-09-27,1,1,2,,pos,eres o quieres ser talento it y estÃ¡s en espaÃ±a  si la respuesta es sÃ­ te contamos que tenemos alianzas con  y  estamos felices abrir nuestras puertas para que estudiantes de nuestros partners se conviertan en futuros yellowers ğŸ¥³,quieres ser talento it espaÃ±a si respuesta contamos alianzas felices abrir puertas estudiantes partners conviertan futuros yellowers ğŸ¥³
1574307391029579777,Â¡Estamos muy orgullosos de formar equipo junto a @Stemdo_io! Participando en la formaciÃ³n de sus futuros empleados con el #bootcamp de #cloud y #devops ğŸ§‘â€ğŸ’»  Ayudando a desarrollar el talento y empleo digital en zonas con alta tasa de paro y pocas oportunidades en el sector #STEM.,2022-09-26,2,0,3,https://twitter.com/david_bonilla/status/1572909321913962496,pos,estamos muy orgullosos de formar equipo junto a  participando en la formaciÃ³n de sus futuros empleados con el bootcamp de cloud y devops ğŸ§‘â€ ayudando a desarrollar el talento y empleo digital en zonas con alta tasa de paro y pocas oportunidades en el sector stem,orgullosos formar equipo junto participando formaciÃ³n futuros empleados bootcamp cloud devops ğŸ§‘â€ ayudando desarrollar talento empleo digital zonas alta tasa paro pocas oportunidades sector stem
1573246948693651456,Y seguimos con lo prometido:  Primera quedada de la comunidad #CPS en Madrid ğŸš€:  https://t.co/xnWjKu6fPi en un espacio cedido por @TheBridge_Tech.,2022-09-23,7,0,20,,pos,y seguimos con lo prometido primera quedada de la comunidad cps en madrid  en un espacio cedido por ,seguimos prometido primera quedada comunidad cps madrid espacio cedido
1573232184454172674,@TheBridge_Tech @valerybriz @graphext Â¡Muchas gracias a @TheBridge_Tech por alojarnos! ğŸ”¥,2022-09-23,0,0,1,,pos,   muchas gracias a  por alojarnos ,muchas gracias alojarnos
1573210903343992833,Ayer pudimos disfrutar del eventazo de @PyDataMadrid en nuestro palacioğŸ™ŒConocimos un montÃ³n sobre acelerar flujos de datos y modelos de aprendizaje Â¡@valerybriz y @graphext gracias por venir!  #datascience #Python  https://t.co/gh9kVA0KdD,2022-09-23,4,1,7,,pos,ayer pudimos disfrutar del eventazo de  en nuestro palacioconocimos un montÃ³n sobre acelerar flujos de datos y modelos de aprendizaje  y  gracias por venir datascience python,ayer pudimos disfrutar eventazo palacioconocimos montÃ³n acelerar flujos datos modelos aprendizaje gracias venir datascience python
1572916570153979905,Estamos muy contentos de colaborar desde @TheBridge_Tech en esta iniciativa de @Stemdo_io porque tenemos que colaborar entre todos para desarrollar e incrementar la disponibilidad del talento,2022-09-22,0,0,2,https://twitter.com/david_bonilla/status/1572909321913962496,pos,estamos muy contentos de colaborar desde  en esta iniciativa de  porque tenemos que colaborar entre todos para desarrollar e incrementar la disponibilidad del talento,contentos colaborar iniciativa colaborar desarrollar incrementar disponibilidad talento
1572869114896568321,"Â¿Buscando un empleo en #DataScience? Asiste a AI Careers, el primer evento en AnalÃ­tica de Datos e Inteligencia Artificial del mundo hispano-hablante.  Â¡Impulsa tu carrera y conecta con empresas y expertos! @AI_Network_es   ğŸ“…30 sep ğŸŸEntradas  https://t.co/V5FFLIOXEs  https://t.co/hwwoCo1ga0",2022-09-22,2,0,1,,pos,buscando un empleo en datascience asiste a ai careers el primer evento en analÃ­tica de datos e inteligencia artificial del mundo hispano hablante impulsa tu carrera y conecta con empresas y expertos   sep entradas,buscando empleo datascience asiste ai careers primer evento analÃ­tica datos inteligencia artificial mundo hispano hablante impulsa carrera conecta empresas expertos sep entradas
1571528997971922945,@valerybriz @graphext @TheBridge_Tech Hemos llenado el aforo âš ï¸ pero Â¡aÃºn estÃ¡s a tiempo de apuntarte a la lista de espera! Â¡Nos vemos el jueves!,2022-09-18,0,0,1,,pos,   hemos llenado el aforo  pero aÃºn estÃ¡s a tiempo de apuntarte a la lista de espera nos vemos el jueves,llenado aforo aÃºn tiempo apuntarte lista espera vemos jueves
1570744256104628226,"Next week we are collaborating with ğŸ @PyDataMadrid, @IEBigData, and @TheBridge_Tech  to talk about ğŸ”¥Accelerating Data Flows and Learning Models ğŸ”¥ ğŸš¨ Registration link:  https://t.co/vYRfSNtrLi  https://t.co/HdivFcsG7u",2022-09-16,1,1,2,,pos,next week we are collaborating with    and  to talk about accelerating data flows and learning models   registration link,next week we are collaborating with and to talk about accelerating data flows and learning models registration link
1570708211866677249,Esta semana la gerente de @BiohubVLC @sabrinafemenia ha  firmado un convenio de colaboraciÃ³n con @TheBridge_Tech para cubrir la demanda de profesionales #tech en el sector #salud  Consulta toda la informaciÃ³n sobre el acuerdo  https://t.co/YvwLOPIVV0  https://t.co/7tGh7BzxWg,2022-09-16,0,0,2,,pos,esta semana la gerente de   ha firmado un convenio de colaboraciÃ³n con  para cubrir la demanda de profesionales tech en el sector salud consulta toda la informaciÃ³n sobre el acuerdo,semana gerente firmado convenio colaboraciÃ³n cubrir demanda profesionales tech sector salud consulta toda informaciÃ³n acuerdo
1570687218565656577,â— Interesante beca formativa.  â„¹ Desde el COITCV-AVIT hemos firmando un convenio de colaboraciÃ³n con @TheBridge_Tech gracias al cual nuestros asociados y colegiados disfrutarÃ¡n de una beca en el programa Bootcamp de #Ciberseguridad.  Toda la info ğŸ‘‡  https://t.co/y45Trv55Ao,2022-09-16,0,0,0,,pos, interesante beca formativa â„¹ desde el coitcv avit hemos firmando un convenio de colaboraciÃ³n con  gracias al cual nuestros asociados y colegiados disfrutarÃ¡n de una beca en el programa bootcamp de ciberseguridad toda la info ,interesante beca formativa â„¹ coitcv avit firmando convenio colaboraciÃ³n gracias asociados colegiados disfrutarÃ¡n beca programa bootcamp ciberseguridad toda info
1570460916478611457,"@AnaWhitewolf @IronhackMAD @ISDICoders @Ubiqum @4GeeksAcademyES @hackaboss_ @KeepCoding_ @uxerschool @TheBridge_Tech @CraftCodeTech @CodeHouseLearn @CodenotchMAD @NeolandStudio @Adalab_Digital @IEuniversity @lemoncoders @Open_Bootcamp Si, si, haz un PR ğŸ˜˜",2022-09-15,0,0,3,,pos,                 si si haz un pr ,si si haz pr
1570422003366072320,"@raulcotrina @IronhackMAD @ISDICoders @Ubiqum @4GeeksAcademyES @hackaboss_ @KeepCoding_ @uxerschool @TheBridge_Tech @CraftCodeTech @CodeHouseLearn @CodenotchMAD @NeolandStudio @Adalab_Digital @IEuniversity @lemoncoders Claro! Faltamos nosotrxs, @Open_Bootcamp ğŸ˜Š. Ahora te paso la info por DM que no sÃ© si puedo ponerlo a piÃ±Ã³n en el GitHub ğŸ¸",2022-09-15,0,1,3,,neg,                claro faltamos nosotrxs   ahora te paso la info por dm que no sÃ© si puedo ponerlo a piÃ±Ã³n en el github ,claro faltamos nosotrxs ahora paso info dm sÃ© si puedo ponerlo piÃ±Ã³n github
1570359001090772997,"Â¡Acabamos de firmar un acuerdo con @BiohubVLC! ğŸ¤Contribuimos asÃ­ a cubrir la necesidad de profesionales digitales en un sector al alza, el #biotech ğŸ¦¿ que demanda expertos en #datascience, #ciberseguridad y #cloud &amp; #devopsğŸ§‘â€ğŸ’»  MÃ¡s info ğŸ‘‰ https://t.co/3bYdlNwT2a  https://t.co/YCxvjj13bf",2022-09-15,2,0,1,,pos,acabamos de firmar un acuerdo con  contribuimos asÃ­ a cubrir la necesidad de profesionales digitales en un sector al alza el biotech ğŸ¦¿ que demanda expertos en datascience ciberseguridad y cloud &amp devopsğŸ§‘â€ mÃ¡s info ,acabamos firmar acuerdo contribuimos asÃ­ cubrir necesidad profesionales digitales sector alza biotech ğŸ¦¿ demanda expertos datascience ciberseguridad cloud &amp devopsğŸ§‘â€ info
1570317872567558150,â— Interesante descuento en formaciÃ³n.  â„¹ Desde el COITCV-AVIT hemos firmando un convenio de colaboraciÃ³n con @TheBridge_Tech gracias al cual nuestros asociados y colegiados disfrutarÃ¡n de un descuento del 25% en el programa Bootcamp de #Ciberseguridad.   https://t.co/y45Trv4xKQ,2022-09-15,0,0,1,,pos, interesante descuento en formaciÃ³n â„¹ desde el coitcv avit hemos firmando un convenio de colaboraciÃ³n con  gracias al cual nuestros asociados y colegiados disfrutarÃ¡n de un descuento del  en el programa bootcamp de ciberseguridad,interesante descuento formaciÃ³n â„¹ coitcv avit firmando convenio colaboraciÃ³n gracias asociados colegiados disfrutarÃ¡n descuento programa bootcamp ciberseguridad
1570091960911659009,@sanhuerga @TheBridge_Tech FantÃ¡stico ğŸ‘ğŸ‘ğŸ‘,2022-09-14,0,0,0,,pos,  fantÃ¡stico ,fantÃ¡stico
1570049430807785472,Hoy he hecho el primer mind map de mi vida entera gracias a @TheBridge_Tech  DÃ­a 3. Aprendiendo muchisÃ­simo.Â¡Comenzamos! #uxdesign #ui #uxui #mindmap #visualthinking #sketchnote #mentalmap #uxlearning  https://t.co/TNBOoBXIxK,2022-09-14,2,1,5,,pos,hoy he hecho el primer mind map de mi vida entera gracias a  dÃ­a  aprendiendo muchisÃ­simocomenzamos uxdesign ui uxui mindmap visualthinking sketchnote mentalmap uxlearning,hoy hecho primer mind map vida entera gracias dÃ­a aprendiendo muchisÃ­simocomenzamos uxdesign ui uxui mindmap visualthinking sketchnote mentalmap uxlearning
1570013370434322438,"Si te interesa el mundo del dato, python... Â¡Tenemos nuevo evento de #DataScience de la mano de @PyDataMadrid! Contaremos con @valerybriz y @graphext  ğŸ“…Jueves 22 de septiembre â°19h   Â¡No te lo pierdas!ğŸ‘‡  https://t.co/Gpe3jdqGPr  #data #cienciadedatos #python",2022-09-14,4,0,3,,pos,si te interesa el mundo del dato python tenemos nuevo evento de datascience de la mano de  contaremos con  y  jueves  de septiembre â°h no te lo pierdas data cienciadedatos python,si interesa mundo dato python nuevo evento datascience mano contaremos jueves septiembre â°h pierdas data cienciadedatos python
1569694413332299782,"ğŸ§‘â€ğŸ’»Â¡Feliz DÃ­a a todos los programadores y programadoras! ğŸ‘©â€ğŸ’»  Que un "";"" o ""&lt;"" no os impidan disfrutar de vuestro dÃ­a y de una profesiÃ³n tan retadora como apasionante âš”  #felizdiadelprogramador #fullstackwebdevelopment  https://t.co/tOlIkEY2Ne",2022-09-13,0,0,2,,neg,ğŸ§‘â€feliz dÃ­a a todos los programadores y programadoras â€ que un  o &lt no os impidan disfrutar de vuestro dÃ­a y de una profesiÃ³n tan retadora como apasionante  felizdiadelprogramador fullstackwebdevelopment,ğŸ§‘â€feliz dÃ­a programadores programadoras â€ &lt impidan disfrutar dÃ­a profesiÃ³n tan retadora apasionante felizdiadelprogramador fullstackwebdevelopment
1569355311227568130,.@TheBridge_Tech formarÃ¡ a los futuros profesionales en ciberseguridad de @Fujitsu_ES â–¶  https://t.co/a7XYEw0DMh  https://t.co/rgmUH4Susw,2022-09-12,1,0,4,,pos, formarÃ¡ a los futuros profesionales en ciberseguridad de  ,formarÃ¡ futuros profesionales ciberseguridad
1569295332076404738,"MaÃ±ana a las 18.30h tenemos otra de las sesiones sobre ""Emotional Wellness"" ğŸ§˜â€â™€ï¸, esta vez @Mariagutim de @Hiwook_Jobs nos hablarÃ¡ del sÃ­ndrome del impostor Â¿Te lo vas a perder? Saca tu entrada ğŸŸ https://t.co/QXAV18d9Uk",2022-09-12,1,0,2,,pos,maÃ±ana a las h tenemos otra de las sesiones sobre emotional wellness ğŸ§˜â€ esta vez  de  nos hablarÃ¡ del sÃ­ndrome del impostor te lo vas a perder saca tu entrada ,maÃ±ana h sesiones emotional wellness ğŸ§˜â€ vez hablarÃ¡ sÃ­ndrome impostor vas perder saca entrada
1567815140455710721,Ya estÃ¡ abierto el registro para nuestra reuniÃ³n de septiembre: ğŸ”¥ Acelerando flujos de datos y modelos de aprendizaje   https://t.co/IwXoPprRbS  Contaremos con @valerybriz y la gente de @graphext. Â¡Nos vemos el jueves 22 de septiembre a las 19:00 en @TheBridge_Tech!,2022-09-08,5,1,8,,pos,ya estÃ¡ abierto el registro para nuestra reuniÃ³n de septiembre  acelerando flujos de datos y modelos de aprendizaje contaremos con  y la gente de  nos vemos el jueves  de septiembre a las  en ,abierto registro reuniÃ³n septiembre acelerando flujos datos modelos aprendizaje contaremos gente vemos jueves septiembre
1567802683360219136,".@TheBridge_Tech y @Fujitsu_ES se unen para incrementar el mercado de #ciberseguridad en EspaÃ±a, que cuenta con una demanda hoy de 30.000 profesionales.  LÃ©elo en @elEconomistaes.  https://t.co/7Mw1oG7FzI  https://t.co/YTpoK1CITH",2022-09-08,0,0,1,,pos, y  se unen para incrementar el mercado de ciberseguridad en espaÃ±a que cuenta con una demanda hoy de  profesionales lÃ©elo en ,unen incrementar mercado ciberseguridad espaÃ±a cuenta demanda hoy profesionales lÃ©elo
1567794116418838528,Si quieres potenciar el espÃ­ritu emprendedor de tus hij@s el nuevo programa de @GenyusSchool y @TheBridge_Tech Â¡es tu sitio!ğŸ˜‰  ğŸ™Œ Un lugar donde aprender desarrollando sus propias ideas y superando retos en equipo.  MÃ¡s info ğŸ‘‰ https://t.co/4WZRbwvCK7  https://t.co/0gT0pvDvKG,2022-09-08,1,0,2,,pos,si quieres potenciar el espÃ­ritu emprendedor de tus hij el nuevo programa de  y  es tu sitio  un lugar donde aprender desarrollando sus propias ideas y superando retos en equipo mÃ¡s info ,si quieres potenciar espÃ­ritu emprendedor hij nuevo programa sitio lugar aprender desarrollando propias ideas superando retos equipo info
1566744716091265024,"Fujitsu yÂ @TheBridge_TechÂ se unen por el futuro de laÂ #ciberseguridadÂ ğŸ›¡ï¸ En virtud de esta alianza, formarÃ¡n juntos a los futuros profesionales del Ã¡rea de ciberseguridad deÂ @Fujitsu_ES, organizarÃ¡n actividades formativas, talleres, eventos...Â   https://t.co/SGdU061RHw  https://t.co/Weo3LGQuxm",2022-09-05,0,0,2,,pos,fujitsu y  se unen por el futuro de la ciberseguridad  en virtud de esta alianza formarÃ¡n juntos a los futuros profesionales del Ã¡rea de ciberseguridad de  organizarÃ¡n actividades formativas talleres eventos,fujitsu unen futuro ciberseguridad virtud alianza formarÃ¡n juntos futuros profesionales Ã¡rea ciberseguridad organizarÃ¡n actividades formativas talleres eventos
1566739530413219841,Â¡Open Day #Valencia!ğŸ¤—Ven con un amig@ a conocer el campus de @uchceu y los bootcamps en #ciber #data #uxui y #fullstack ğŸ‘©â€ğŸ’»  Necesitas un cambio en tu carreraâ“ Descubre cÃ³mo puedes formarte en un perfil digital  ğŸ“…Lunes 12 â°18 horas  ğŸŸInscrÃ­bete yağŸ‘‡ https://t.co/CLUEFGvcRA,2022-09-05,1,0,1,,pos,open day valenciaven con un amig a conocer el campus de uchceu y los bootcamps en ciber data uxui y fullstack â€ necesitas un cambio en tu carrera descubre cÃ³mo puedes formarte en un perfil digital lunes  â° horas inscrÃ­bete ya,open day valenciaven amig conocer campus uchceu bootcamps ciber data uxui fullstack â€ necesitas cambio carrera descubre cÃ³mo puedes formarte perfil digital lunes â° horas inscrÃ­bete
1566667913934868486,@raulcotrina @AnaWhitewolf @IronhackMAD @ISDICoders @Ubiqum @4GeeksAcademyES @hackaboss_ @KeepCoding_ @uxerschool @TheBridge_Tech @CraftCodeTech @CodenotchMAD @NeolandStudio @Adalab_Digital @IEuniversity @lemoncoders Â¡Eso estÃ¡ hecho! ;),2022-09-05,0,0,0,,pos,                eso estÃ¡ hecho ,hecho
1566371046185369600,Nos dais una mano a ampliarlo y tenerlo actualizado? @AnaWhitewolf @IronhackMAD @ISDICoders @Ubiqum @4GeeksAcademyES @hackaboss_ @KeepCoding_ @uxerschool   @TheBridge_Tech @CraftCodeTech   @CodeHouseLearn @CodenotchMAD @NeolandStudio   @Adalab_Digital @IEuniversity @lemoncoders,2022-09-04,0,3,6,,pos,nos dais una mano a ampliarlo y tenerlo actualizado                ,dais mano ampliarlo tenerlo actualizado
1565731733085069313,. @TheBridge_Tech y @Fujitsu_ES  se unen para cubrir la demanda de profesionales en #ciberseguridad ğŸš€  https://t.co/CxHq7ipYbN #tech #tecnologÃ­a,2022-09-02,0,0,2,,pos,  y  se unen para cubrir la demanda de profesionales en ciberseguridad  tech tecnologÃ­a,unen cubrir demanda profesionales ciberseguridad tech tecnologÃ­a
1565293439373172737,"Â¿SabÃ­as que laÂ #ciberseguridadÂ es la quinta Ã¡rea de empleo cuya demanda mÃ¡s ha crecido en lo que llevamos de aÃ±o? Para acompaÃ±ar en su formaciÃ³n al talento joven,Â @Fujitsu_ESÂ ha firmado una acuerdo conÂ @TheBridge_Tech.  Te contamos mÃ¡s:  https://t.co/TrXKApChsd  https://t.co/kHnpzjKtaE",2022-09-01,2,0,4,,pos,sabÃ­as que la ciberseguridad es la quinta Ã¡rea de empleo cuya demanda mÃ¡s ha crecido en lo que llevamos de aÃ±o para acompaÃ±ar en su formaciÃ³n al talento joven  ha firmado una acuerdo con  te contamos mÃ¡s,sabÃ­as ciberseguridad quinta Ã¡rea empleo cuya demanda crecido llevamos aÃ±o acompaÃ±ar formaciÃ³n talento joven firmado acuerdo contamos
1564951151124029441,"Â¿Quieres impulsar tu perfil profesional en el Ã¡mbito digital?  ğŸ”¥Â¡Descubre los #bootcamps de @ENCamaraSevilla y @TheBridge_Tech y despega en el sector tecnolÃ³gico!  ğŸš€La formaciÃ³n mÃ¡s innovadora en #DesarrolloWeb #FullStack, #DataScience y #Ciberseguridad:  https://t.co/dI7Go0yJsW  https://t.co/598NsYg0Ud",2022-08-31,11,0,13,,pos,quieres impulsar tu perfil profesional en el Ã¡mbito digital descubre los bootcamps de  y  y despega en el sector tecnolÃ³gico la formaciÃ³n mÃ¡s innovadora en desarrolloweb fullstack datascience y ciberseguridad,quieres impulsar perfil profesional Ã¡mbito digital descubre bootcamps despega sector tecnolÃ³gico formaciÃ³n innovadora desarrolloweb fullstack datascience ciberseguridad
1564930939586740224,Â¡Hemos firmado un acuerdo con @Fujitsu_ES para formar a perfiles en #ciberseguridad! Muy ilusionados con esta alianza para apoyar con formaciÃ³n a una compaÃ±Ã­a tan potente en su crecimiento en materia de seguridad informÃ¡ticağŸš€  ğŸ‘‰ https://t.co/MJKkZq24HS  #bootcamp #cyber #empleo  https://t.co/kVWSvjfq9f,2022-08-31,1,0,4,,pos,hemos firmado un acuerdo con  para formar a perfiles en ciberseguridad muy ilusionados con esta alianza para apoyar con formaciÃ³n a una compaÃ±Ã­a tan potente en su crecimiento en materia de seguridad informÃ¡tica  bootcamp cyber empleo,firmado acuerdo formar perfiles ciberseguridad ilusionados alianza apoyar formaciÃ³n compaÃ±Ã­a tan potente crecimiento materia seguridad informÃ¡tica bootcamp cyber empleo
1564161569537363968,"ğŸ“ºHemos salido en @sextaNoticias como ejemplo de #reskilling gracias a los #bootcamps ğŸ§‘â€ğŸ’»  ğŸŸ¢""Apostar por estos procesos de reciclaje a las empresas les cuesta menos y tiene tambiÃ©n menos coste social"",@ikerarceseco, CEO @TheBridge_Tech   Noticia completağŸ‘‰ https://t.co/00YLRaZyt9",2022-08-29,1,0,2,,pos,hemos salido en  como ejemplo de reskilling gracias a los bootcamps ğŸ§‘â€ apostar por estos procesos de reciclaje a las empresas les cuesta menos y tiene tambiÃ©n menos coste social ceo  noticia completa,salido ejemplo reskilling gracias bootcamps ğŸ§‘â€ apostar procesos reciclaje empresas cuesta menos menos coste social ceo noticia completa
1563587175220137986,These parts are being used to creat the autonomous lawn mower @ The Bridge Tech  https://t.co/BvQpM4RMZ7,2022-08-27,0,0,0,,pos,these parts are being used to creat the autonomous lawn mower  the bridge tech,these parts are being used to creat the autonomous lawn mower the bridge tech
1563552167935426561,"The jetbot we've been working on @ Greenville, South Carolina  https://t.co/KGvKmoYprC",2022-08-27,0,0,1,,pos,the jetbot we've been working on  greenville south carolina,the jetbot we've been working on greenville south carolina
1563117283601289216,"Â¿CÃ³mo es hacer un #bootcamp mientras estudias o trabajas?ğŸ’ª Nos lo cuenta JosÃ© Miguel, alumno del bootcamp de #desarrollowebfullstack en formato #parttime   Â¡Echa un vistazo a su experiencia en @thebridge! ğŸ‘€ğŸ‘‡  MÃ¡s info sobre el #parttime  https://t.co/ZuOQNwWc1H  https://t.co/AOMd0zx3FI",2022-08-26,1,0,1,,pos,cÃ³mo es hacer un bootcamp mientras estudias o trabajas nos lo cuenta josÃ© miguel alumno del bootcamp de desarrollowebfullstack en formato parttime echa un vistazo a su experiencia en   mÃ¡s info sobre el parttime,cÃ³mo hacer bootcamp mientras estudias trabajas cuenta josÃ© miguel alumno bootcamp desarrollowebfullstack formato parttime echa vistazo experiencia info parttime
1562455573613817859,@TheBridge_Tech y la FundaciÃ³n @uc3m firman un convenio para ofrecer #Bootcamps de #FullStak a partir de 2023 en el Campus de Puerta de Toledo.   https://t.co/S86r7sIygQ,2022-08-24,0,0,0,,pos, y la fundaciÃ³n  firman un convenio para ofrecer bootcamps de fullstak a partir de  en el campus de puerta de toledo,fundaciÃ³n firman convenio ofrecer bootcamps fullstak partir campus puerta toledo
1562432037436489728,La @uc3m se une a @TheBridge_Tech para potenciar la formaciÃ³n en desarrollo web.  Ambas entidades ofrecerÃ¡n bootcamps de Full Stak a partir de 2023 en el Campus de Puerta de Toledo  #UniversidadExcelente    https://t.co/b6W9OGHMg1,2022-08-24,2,0,2,,pos,la  se une a  para potenciar la formaciÃ³n en desarrollo web ambas entidades ofrecerÃ¡n bootcamps de full stak a partir de  en el campus de puerta de toledo universidadexcelente,une potenciar formaciÃ³n desarrollo web ambas entidades ofrecerÃ¡n bootcamps full stak partir campus puerta toledo universidadexcelente
1562020403199066112,Â¡Ven a nuestro Open Day #Sevilla! ğŸ™ŒAcÃ©rcate a conocer el campus de @ENCamaraSevilla y todo sobre los bootcamps en #ciber #data y #fullstack ğŸ§‘â€ğŸ’»Â¿Quieres acelerar tu carrera digital?  ğŸŸSaca ya tu entrada y si quieres vente con un amig@ ğŸ‘‡ https://t.co/Ic7PjZCIlt  Â¡Te esperamos!,2022-08-23,1,0,2,,pos,ven a nuestro open day sevilla acÃ©rcate a conocer el campus de  y todo sobre los bootcamps en ciber data y fullstack ğŸ§‘â€quieres acelerar tu carrera digital saca ya tu entrada y si quieres vente con un amig  te esperamos,ven open day sevilla acÃ©rcate conocer campus bootcamps ciber data fullstack ğŸ§‘â€quieres acelerar carrera digital saca entrada si quieres vente amig esperamos
1560688806445174790,"ğŸ¤ğŸ¼ @ceeivalencia y @TheBridge_Tech, primera aceleradora de talento digital, firman un convenio de colaboraciÃ³n:  https://t.co/8neFc4j8i4  ğŸ¯ Complementar la formaciÃ³n tÃ©cnica del nuevo talento, entre sus principales objetivos.",2022-08-19,1,0,0,,pos,  y  primera aceleradora de talento digital firman un convenio de colaboraciÃ³n  complementar la formaciÃ³n tÃ©cnica del nuevo talento entre sus principales objetivos,primera aceleradora talento digital firman convenio colaboraciÃ³n complementar formaciÃ³n tÃ©cnica nuevo talento principales objetivos
1559223651538436098,"ğŸ† We're rounding up the 16 Best UI/UX Design Bootcamps of 2022, including @Shillington_, @Skillcrush, @Springboard, @TheBridge_Tech, and @thinkful!   Check out the full list here:  https://t.co/fZwEQNAICB  https://t.co/ZvmtZTtnkM",2022-08-15,6,0,5,,pos, we're rounding up the  best ui ux design bootcamps of  including     and  check out the full list here,we're rounding up the best ui ux design bootcamps of including and check out the full list here
1559185732023074816,"ğŸ† We're rounding up the 27 Best Data Science Bootcamps of 2022, including @Springboard, @thinkful, @TheBridge_Tech, @turing_college, and @wbscodingschool! Check out the full list here:  https://t.co/AxN29a2FNR  https://t.co/x7mYWVhVVL",2022-08-15,2,0,5,,pos, we're rounding up the  best data science bootcamps of  including     and  check out the full list here,we're rounding up the best data science bootcamps of including and check out the full list here
1558009488678043649,ğŸ™ŒÂ¡Ya han salido las listas de @CourseReport 2022 y nuestros #bootcamps de #UXUIProductDesign y #DataScience han sido seleccionados entre los mejores del mundo! â˜º Se unen asÃ­ a los programas de #Ciberseguridad y #MarketingDigital Â¡Estamos muy orgullosos!  https://t.co/ofNwNRCnIT,2022-08-12,4,0,5,,pos,ya han salido las listas de   y nuestros bootcamps de uxuiproductdesign y datascience han sido seleccionados entre los mejores del mundo  se unen asÃ­ a los programas de ciberseguridad y marketingdigital estamos muy orgullosos,salido listas bootcamps uxuiproductdesign datascience sido seleccionados mejores mundo unen asÃ­ programas ciberseguridad marketingdigital orgullosos
1557454010919043079,"Muy buena sensaciÃ³n irse de vacaciones con el trabajo hecho en @TheBridge_Tech MÃ¡s alumnos, mÃ¡s satisfacciÃ³n, mÃ¡s empleabilidad y ahora revalidamos nuestra posiciÃ³n en 4 rankings de @CourseReport. Y en septiembre mÃ¡s!",2022-08-10,1,0,2,https://twitter.com/CourseReport/status/1557449301160247298,pos,muy buena sensaciÃ³n irse de vacaciones con el trabajo hecho en  mÃ¡s alumnos mÃ¡s satisfacciÃ³n mÃ¡s empleabilidad y ahora revalidamos nuestra posiciÃ³n en  rankings de  y en septiembre mÃ¡s,buena sensaciÃ³n irse vacaciones trabajo hecho alumnos satisfacciÃ³n empleabilidad ahora revalidamos posiciÃ³n rankings septiembre
1557283166926299137,Â¡Estamos de enhorabuena! Lanzamos un nuevo programa de #desarrollowebfullstack con la @fundacionuc3! Muy ilusionados de colaborar con una instituciÃ³n de referencia Â¿Ready para ser #fullstack? Â¡Aprende todos los secretos del #frontend y #backend! MÃ¡s infoğŸ‘‰  https://t.co/uCUqBRFdzo  https://t.co/Q6NGSftBIQ,2022-08-10,2,0,1,,pos,estamos de enhorabuena lanzamos un nuevo programa de desarrollowebfullstack con la  muy ilusionados de colaborar con una instituciÃ³n de referencia ready para ser fullstack aprende todos los secretos del frontend y backend mÃ¡s info,enhorabuena lanzamos nuevo programa desarrollowebfullstack ilusionados colaborar instituciÃ³n referencia ready ser fullstack aprende secretos frontend backend info
1555459915573067776,Â¡Empezamos!ğŸ™Œ DÃ­a de #desafÃ­odetripulacionesâš” en Madrid. Mucha suerte a tod@s con vuestros proyectos Â¡Seguro que habÃ©is desarrollado unas webapps increÃ­bles! SÃ­guelo ğŸ”´EN DIRECTO  https://t.co/ejD0LT14IC,2022-08-05,1,0,3,,pos,empezamos dÃ­a de desafÃ­odetripulaciones en madrid mucha suerte a tod con vuestros proyectos seguro que habÃ©is desarrollado unas webapps increÃ­bles sÃ­guelo en directo,empezamos dÃ­a desafÃ­odetripulaciones madrid mucha suerte tod proyectos seguro desarrollado unas webapps increÃ­bles sÃ­guelo directo
1555087891872636928,"ğŸ’° Julio supera los 360 millones de euros invertidos en #startups, mientras que 2022 supera ya los 2.384 millones  Entre las rondas cerradas este Ãºltimo mes, encontramos las de nuestros socios @TheBridge_Tech y @LogistikoLabs ğŸ‘  (vÃ­a @ElReferente ğŸ—)  https://t.co/W2pfmnLmD6",2022-08-04,3,0,7,,pos, julio supera los  millones de euros invertidos en startups mientras que  supera ya los  millones entre las rondas cerradas este Ãºltimo mes encontramos las de nuestros socios  y   vÃ­a  ,julio supera millones euros invertidos startups mientras supera millones rondas cerradas Ãºltimo mes encontramos socios vÃ­a
1554445479873810439,"Â¡Seguimos creciendo y vamos #FromGoodToGreat! Gracias a todos los que formÃ¡is parte de @the bridge Â¡Es una suerte contar con tod@s vosotr@s! Sin duda, sois el alma de la fiestağŸ‘¯â™‚ï¸ Si os la habÃ©is perdido, pronto habrÃ¡ otra y seguro, mÃ¡s cosas que celebrarğŸ˜‰  https://t.co/eTpGRVHrW8",2022-08-02,0,0,2,,neg,seguimos creciendo y vamos fromgoodtogreat gracias a todos los que formÃ¡is parte de  bridge es una suerte contar con tod vosotr sin duda sois el alma de la fiesta si os la habÃ©is perdido pronto habrÃ¡ otra y seguro mÃ¡s cosas que celebrar,seguimos creciendo vamos fromgoodtogreat gracias formÃ¡is parte bridge suerte contar tod vosotr duda alma fiesta si perdido pronto seguro cosas celebrar
1554099392977707008,ğ——ğ—²ğ˜€ğ—®ğ—³ğ—¶ğ—¼ ğ—±ğ—² ğ˜ğ—¿ğ—¶ğ—½ğ˜‚ğ—¹ğ—®ğ—°ğ—¶ğ—¼ğ—»ğ—²ğ˜€ğŸ’»ğŸ“²  Alumnos de desarrollo web full stack y data science de @TheBridge_Tech y @uchceu nos visitaron para presentar sus proyectos finales.   #BootcampExperience #DesarrolloWeb #DataScience #DigitalTalent  https://t.co/1I6plykqEL,2022-08-01,4,0,4,,pos,   alumnos de desarrollo web full stack y data science de  y  nos visitaron para presentar sus proyectos finales bootcampexperience desarrolloweb datascience digitaltalent,alumnos desarrollo web full stack data science visitaron presentar proyectos finales bootcampexperience desarrolloweb datascience digitaltalent
1552726310186893313,@manuelfherrador @loretogf @TheBridge_Tech @uriondo @JotDownSpain @imparsifal Â¡TÃº dÃ©jales que nos 'puentean' rÃ¡pido! ğŸ™ƒ,2022-07-28,0,0,1,,pos,      tÃº dÃ©jales que nos 'puentean' rÃ¡pido ,dÃ©jales 'puentean' rÃ¡pido
1552725704588103680,@loretogf @UribeX @TheBridge_Tech @uriondo @JotDownSpain @imparsifal Â¡Pero no va de puentes! :(,2022-07-28,0,1,2,,neg,      pero no va de puentes ,va puentes
1552702280704704512,@loretogf @TheBridge_Tech @uriondo @JotDownSpain Y tanto!!,2022-07-28,0,0,2,,pos,    y tanto,
1552701420218056704,"Comienza la masterclass en @TheBridge_Tech de @uriondo hablando de cÃ³mo evitar ser #Periodista?!?! En serio?!?! jajaja con lo que mola el curso de @JotDownSpain,  verdad @imparsifal?  https://t.co/EFVSpRN56s",2022-07-28,6,2,16,,pos,comienza la masterclass en  de  hablando de cÃ³mo evitar ser periodista en serio jajaja con lo que mola el curso de  verdad ,comienza masterclass hablando cÃ³mo evitar ser periodista serio jajaja mola curso verdad
1552352053346852864,MaÃ±ana tenemos esto ğŸ‘‡  https://t.co/mHGMocUoP2  Os esperamos a las 19:00 en @TheBridge_Tech para hablar de periodismo con @uriondo,2022-07-27,5,0,4,,pos,maÃ±ana tenemos esto  os esperamos a las  en  para hablar de periodismo con ,maÃ±ana esperamos hablar periodismo
1552252500979421186,"ğŸ¤ğŸ¼ @ceeivalencia y @TheBridge_Tech, primera aceleradora de talento digital, firman un convenio de colaboraciÃ³n:  https://t.co/8neFc4j8i4  ğŸ¯ Complementar la formaciÃ³n tÃ©cnica del nuevo talento, entre sus principales objetivos.",2022-07-27,0,0,0,,pos,  y  primera aceleradora de talento digital firman un convenio de colaboraciÃ³n  complementar la formaciÃ³n tÃ©cnica del nuevo talento entre sus principales objetivos,primera aceleradora talento digital firman convenio colaboraciÃ³n complementar formaciÃ³n tÃ©cnica nuevo talento principales objetivos
1551147845230764033,El prÃ³ximo jueves 28 estaremos em @TheBridge_Tech con @uriondo que impartirÃ¡ la masterclass Â«Evita el periodismo: una oda a la profesiÃ³nÂ». La asistencia es gratuita hasta completar aforo. Os esperamos.  https://t.co/mHGMocUoP2,2022-07-24,10,0,15,,pos,el prÃ³ximo jueves  estaremos em  con  que impartirÃ¡ la masterclass Â«evita el periodismo una oda a la profesiÃ³nÂ» la asistencia es gratuita hasta completar aforo os esperamos,prÃ³ximo jueves em impartirÃ¡ masterclass Â«evita periodismo oda profesiÃ³nÂ» asistencia gratuita completar aforo esperamos
1550108349924089856,@uriondo @GuillermoDeHaro @JotDownSpain @TheBridge_Tech @Google @ottoreuss Â¿CÃ³mo? Â¿CÃ¡pasao?,2022-07-21,0,0,0,,pos,      cÃ³mo cÃ¡pasao,cÃ³mo cÃ¡pasao
1550056580493762563,@GuillermoDeHaro @JotDownSpain @TheBridge_Tech @Google @ottoreuss Malamente. Riau Riau.,2022-07-21,0,0,1,,pos,     malamente riau riau,malamente riau riau
1550056091274428419,@GuillermoDeHaro @JotDownSpain @TheBridge_Tech @Google 'Mala y ware' parece una colaboraciÃ³n musical entre la Mala RodrÃ­guez y @ottoreuss ğŸ˜‚,2022-07-21,0,2,2,,pos,    'mala y ware' parece una colaboraciÃ³n musical entre la mala rodrÃ­guez y  ,'mala ware' parece colaboraciÃ³n musical mala rodrÃ­guez
1550055498921148417,"@GuillermoDeHaro @JotDownSpain @uriondo @TheBridge_Tech @Google SÃ­, yo tampoco quiero ser mal pensado, pero...",2022-07-21,0,0,2,,pos,     sÃ­ yo tampoco quiero ser mal pensado pero,tampoco quiero ser mal pensado
1549455964159594496,@uriondo @TheBridge_Tech @JotDownSpain Justo donde nos hemos formado unos cuantos experiodistas para dejar de serlo :P IntentarÃ© ir!,2022-07-19,0,0,2,,pos,   justo donde nos hemos formado unos cuantos experiodistas para dejar de serlo p intentarÃ© ir,justo formado cuantos experiodistas dejar serlo p intentarÃ© ir
1549450863558762497,Esto me hace ilusiÃ³n. El jueves a las 19 en @TheBridge_Tech hablarÃ© de la profesiÃ³n que amo y que ejercÃ­ locamente durante 20 aÃ±os para el Programa superior de emprendimiento en periodismo de @JotDownSpain. Elige Â¿streaming o aire acondicionado?  https://t.co/yCk9MxVa0I,2022-07-19,7,1,17,,pos,esto me hace ilusiÃ³n el jueves a las  en  hablarÃ© de la profesiÃ³n que amo y que ejercÃ­ locamente durante  aÃ±os para el programa superior de emprendimiento en periodismo de  elige streaming o aire acondicionado,hace ilusiÃ³n jueves hablarÃ© profesiÃ³n amo ejercÃ­ locamente aÃ±os programa superior emprendimiento periodismo elige streaming aire acondicionado
1547833539306983425,@Cased93 Â¡Ha sido un placer tenerte como jurado Daniel!â˜ºMuchas gracias por asistir y conocer de cerca el trabajo de nuestros alumnosğŸ“,2022-07-15,1,0,1,,pos, ha sido un placer tenerte como jurado danielmuchas gracias por asistir y conocer de cerca el trabajo de nuestros alumnos,sido placer tenerte jurado danielmuchas gracias asistir conocer cerca trabajo alumnos
1547679180715806723,Un placer haber asistido hoy como miembro del tribunal por parte de Fujitsu Data Intelligence al acto de defensa y graduaciÃ³n del Bootcamp de Data Science organizado por  @TheBridge_Tech   https://t.co/jYYhs7Nmr5,2022-07-14,0,1,1,,pos,un placer haber asistido hoy como miembro del tribunal por parte de fujitsu data intelligence al acto de defensa y graduaciÃ³n del bootcamp de data science organizado por ,placer haber asistido hoy miembro tribunal parte fujitsu data intelligence acto defensa graduaciÃ³n bootcamp data science organizado
1547604416177442823,Â¡Empezamos! Sigue el 1Âº #desafiodetripulacionesâš” de #Sevilla @ENCamaraSevilla ğŸ”´EN DIRECTO Â¡No te pierdas el sistema de reconocimiento facial que han creado nuestros chicos de #datascience!  â–¶ https://t.co/b0ztKy2Gcm,2022-07-14,2,0,1,,pos,empezamos sigue el Âº desafiodetripulaciones de sevilla  en directo no te pierdas el sistema de reconocimiento facial que han creado nuestros chicos de datascience ,empezamos sigue Âº desafiodetripulaciones sevilla directo pierdas sistema reconocimiento facial creado chicos datascience
1547230643561664515,ğŸ§‘â€ğŸ“Los emprendedores y profesionales digitales del futuro han venido a visitarnos hoy  Los alumnos de @TheBridge_Tech han visto cÃ³mo trabaja un fondo VC y han mostrado su interÃ©s por conocer quÃ© grandes desafÃ­os resuelven nuestras #startups #deeptech   Mucho #talento en el Ãgora  https://t.co/FaCriTMOGw,2022-07-13,1,0,4,,pos,ğŸ§‘â€los emprendedores y profesionales digitales del futuro han venido a visitarnos hoy los alumnos de  han visto cÃ³mo trabaja un fondo vc y han mostrado su interÃ©s por conocer quÃ© grandes desafÃ­os resuelven nuestras startups deeptech mucho talento en el Ã¡gora,ğŸ§‘â€los emprendedores profesionales digitales futuro venido visitarnos hoy alumnos visto cÃ³mo trabaja fondo vc mostrado interÃ©s conocer grandes desafÃ­os resuelven startups deeptech talento Ã¡gora
1547209900874506241,Hoy hemos tenido una sÃºper visita a nuestras oficinas @TheBridge_TechğŸ‘‰primera Aceleradora de Talento Digital.  Hemos podido presentar @GoHubVentures  y compartir nuestros HQ con 26 de sus estudiantes y profesores Con muchas ganas de seguir colaborando con ellos en el futuro!  https://t.co/g9MzrP2hdq,2022-07-13,3,0,8,,pos,hoy hemos tenido una sÃºper visita a nuestras oficinas primera aceleradora de talento digital hemos podido presentar  y compartir nuestros hq con  de sus estudiantes y profesores con muchas ganas de seguir colaborando con ellos en el futuro,hoy sÃºper visita oficinas primera aceleradora talento digital podido presentar compartir hq estudiantes profesores muchas ganas seguir colaborando futuro
1546817334882476032,Â¡Descubre la experiencia de Dani! â–¶ Dani estudiÃ³ una #fp en #desarrolloweb pero tenÃ­a claro que querÃ­a especializarse en #ciberseguridad ğŸ‘¾y realizÃ³ el #bootcamp en @TheBridge_Tech Â¡Fue complemento perfecto para conseguir un empleo en el sector!ğŸ¯  https://t.co/eimTUd6rUc,2022-07-12,2,0,0,,pos,descubre la experiencia de dani  dani estudiÃ³ una fp en desarrolloweb pero tenÃ­a claro que querÃ­a especializarse en ciberseguridad y realizÃ³ el bootcamp en  fue complemento perfecto para conseguir un empleo en el sector,descubre experiencia dani dani estudiÃ³ fp desarrolloweb claro querÃ­a especializarse ciberseguridad realizÃ³ bootcamp complemento perfecto conseguir empleo sector
1546397466517540866,#VentureCapital/#PrivateEquity: @TheBridge_Tech cierra una ronda de â‚¬5M liderada por Atitlan  https://t.co/iDnOZ5z5g8,2022-07-11,0,0,0,,pos,venturecapital privateequity  cierra una ronda de â‚¬m liderada por atitlan,venturecapital privateequity cierra ronda â‚¬m liderada atitlan
1544988613129261056,#Inversiones ğŸ’°ğŸ’°  @TheBridge_Tech ha cerrado una ronda de 5Mâ‚¬ ğŸ‘€  PRINCIPAL INVERSOR âœ”#Atitlan   â¬‡â¬‡  https://t.co/2owefjS98d,2022-07-07,0,0,0,,pos,inversiones   ha cerrado una ronda de mâ‚¬  principal inversor atitlan ,inversiones cerrado ronda mâ‚¬ principal inversor atitlan
1544595001086283778,#SAVETHEDATE ğŸš©| @TheBridge_Tech pone en marcha un #bootcamp orientado a formar en dos de las disciplinas que mÃ¡s estÃ¡n creciendo en EspaÃ±a: #Cloud #Computing &amp; #DevOpsâ˜ï¸  ğŸ“†12 de septiembre ğŸ•” Full-time â¬‡ï¸  https://t.co/FJ1IzSpro2,2022-07-06,1,0,0,,pos,savethedate |  pone en marcha un bootcamp orientado a formar en dos de las disciplinas que mÃ¡s estÃ¡n creciendo en espaÃ±a cloud computing &amp devops  de septiembre  full time ,savethedate | pone marcha bootcamp orientado formar dos disciplinas creciendo espaÃ±a cloud computing &amp devops septiembre full time
1544373102997655552,"ğŸ¤ğŸ¼ @ceeivalencia y @TheBridge_Tech, primera aceleradora de talento digital, firman un convenio de colaboraciÃ³n:  https://t.co/8neFc4j8i4  ğŸ¯ Complementar la formaciÃ³n tÃ©cnica del nuevo talento, entre sus principales objetivos.",2022-07-05,0,0,0,,pos,  y  primera aceleradora de talento digital firman un convenio de colaboraciÃ³n  complementar la formaciÃ³n tÃ©cnica del nuevo talento entre sus principales objetivos,primera aceleradora talento digital firman convenio colaboraciÃ³n complementar formaciÃ³n tÃ©cnica nuevo talento principales objetivos
1543134908935200769,"ğŸ¤ğŸ¼ @ceeivalencia y @TheBridge_Tech, primera aceleradora de talento digital, firman un convenio de colaboraciÃ³n:  https://t.co/8neFc4j8i4  ğŸ¯ Complementar la formaciÃ³n tÃ©cnica del nuevo talento, entre sus principales objetivos.",2022-07-02,0,0,2,,pos,  y  primera aceleradora de talento digital firman un convenio de colaboraciÃ³n  complementar la formaciÃ³n tÃ©cnica del nuevo talento entre sus principales objetivos,primera aceleradora talento digital firman convenio colaboraciÃ³n complementar formaciÃ³n tÃ©cnica nuevo talento principales objetivos
1542929123546464261,"@HeavyMental_es @TheBridge_Tech Por favor, a ver si podeis empezar a mejorar el sonido. Muchas veces el primer paso es mÃ¡s de la mitad del camino",2022-07-01,0,0,0,,pos,  por favor a ver si podeis empezar a mejorar el sonido muchas veces el primer paso es mÃ¡s de la mitad del camino,favor ver si podeis empezar mejorar sonido muchas veces primer paso mitad camino
1542888003965689858,Atitlan liderarÃ¡ la ronda de financiaciÃ³n de 5 millones de euros de la escuela @TheBridge_Tech ğŸ’°  La empresa de formaciÃ³n de #talento ha irrumpido en el sector de la educaciÃ³n poniendo el foco en la #digitalizaciÃ³n y las nuevas tecnologÃ­as ğŸ“š  https://t.co/YoTetHhIKx,2022-07-01,0,0,4,,pos,atitlan liderarÃ¡ la ronda de financiaciÃ³n de  millones de euros de la escuela   la empresa de formaciÃ³n de talento ha irrumpido en el sector de la educaciÃ³n poniendo el foco en la digitalizaciÃ³n y las nuevas tecnologÃ­as ,atitlan liderarÃ¡ ronda financiaciÃ³n millones euros escuela empresa formaciÃ³n talento irrumpido sector educaciÃ³n poniendo foco digitalizaciÃ³n nuevas tecnologÃ­as
1542808979293847554,@bertinha84 Â¡Vamos @bertinha84 Ã¡nimo! Te esperamos con los brazos abiertosğŸ¤—,2022-07-01,0,0,1,,pos, vamos  Ã¡nimo te esperamos con los brazos abiertos,vamos Ã¡nimo esperamos brazos abiertos
1542778977718341632,"Adeus rÃ­os, adeus fontes...TerriÃ±a, volvo pronto. Madrid allÃ¡ voy! Ya se ve cerca el final del bootcamp y voy a terminarlo de forma presencial. Un mes, un Ãºltimo empujÃ³n. @TheBridge_Tech",2022-07-01,1,1,5,,pos,adeus rÃ­os adeus fontesterriÃ±a volvo pronto madrid allÃ¡ voy ya se ve cerca el final del bootcamp y voy a terminarlo de forma presencial un mes un Ãºltimo empujÃ³n ,adeus rÃ­os adeus fontesterriÃ±a volvo pronto madrid allÃ¡ voy ve cerca final bootcamp voy terminarlo forma presencial mes Ãºltimo empujÃ³n
1542460541800783872,"ğŸ“¢Nos alegra muchÃ­simo contaros esta gran noticia: tendremos el placer de contar con @TheBridge_Tech, un acuerdo que nos permitirÃ¡ ofrecer mÃ¡s herramientas para acelerar el talento digital a nuestras #startups ğŸ‘  @AmparoGalbis1 @RamonCEEIVLC   https://t.co/Mkhinty1B6",2022-06-30,2,0,4,,pos,nos alegra muchÃ­simo contaros esta gran noticia tendremos el placer de contar con  un acuerdo que nos permitirÃ¡ ofrecer mÃ¡s herramientas para acelerar el talento digital a nuestras startups   ,alegra muchÃ­simo contaros gran noticia placer contar acuerdo permitirÃ¡ ofrecer herramientas acelerar talento digital startups
1542448899645968384,@NadaQueGanarPod Estais invitados desde ya a hacer el primero de la prÃ³xima en @TheBridge_Tech y no se que lios os traeis con @_miki pero si quereis combo hay hueco,2022-06-30,0,0,1,,neg, estais invitados desde ya a hacer el primero de la prÃ³xima en  y no se que lios os traeis con  pero si quereis combo hay hueco,estais invitados hacer primero prÃ³xima lios traeis si quereis combo hueco
1542425851899281408,@LORIOTio @dariodotzero @insidezeusdata @sesamehr_ Thank you! It was a pleasure and a very interesting talk about innovation and businessğŸ¤—,2022-06-30,0,0,1,,pos,    thank you it was a pleasure and a very interesting talk about innovation and business,thank you it was pleasure and very interesting talk about innovation and business
1542415478618050560,"ğŸ¤ Gracias al convenio firmado con @TheBridge_Tech trabajaremos de forma conjunta en la realizaciÃ³n de cursos, jornadas, actividades formativas, foros de discusiÃ³n y asesoramiento mutuo en las acciones desarrolladas por ambas entidades.    https://t.co/gNPhADnlkk",2022-06-30,0,0,1,,pos, gracias al convenio firmado con  trabajaremos de forma conjunta en la realizaciÃ³n de cursos jornadas actividades formativas foros de discusiÃ³n y asesoramiento mutuo en las acciones desarrolladas por ambas entidades,gracias convenio firmado trabajaremos forma conjunta realizaciÃ³n cursos jornadas actividades formativas foros discusiÃ³n asesoramiento mutuo acciones desarrolladas ambas entidades
1542413891124301826,Hoy master class de  @figma  y UIX en @TheBridge_Tech   https://t.co/fybYqXpUL6,2022-06-30,0,0,1,,pos,hoy master class de  y uix en ,hoy master class uix
1542238336894603265,@HeavyMental_es @TheBridge_Tech Buscando el pollo ğŸ£,2022-06-29,0,0,1,,pos,  buscando el pollo ,buscando pollo
1542225533546762243,@carlosmdh @HeavyMental_es @UbaldoHervas @DavidAlayon @Recuenco @GuillermoDeHaro @TheBridge_Tech  https://t.co/Ig6QQ9fk47,2022-06-29,0,0,3,,pos,      ,
1542225403242332161,"@HeavyMental_es @UbaldoHervas @DavidAlayon @Recuenco @_miki @GuillermoDeHaro @TheBridge_Tech Te me tienes que cuidar ehhhh  y por cierto, colleja por venir a Madrid, hacer un podcast en directo y no avisarme  Capullo!!! ğŸ¤£ğŸ¤£ğŸ¤£ğŸ¤£",2022-06-29,0,1,4,,neg,       te me tienes que cuidar ehhhh y por cierto colleja por venir a madrid hacer un podcast en directo y no avisarme capullo ,cuidar ehhhh cierto colleja venir madrid hacer podcast directo avisarme capullo
1542224482710028291,@carlosmdh @UbaldoHervas @DavidAlayon @Recuenco @_miki @GuillermoDeHaro @TheBridge_Tech Yes!! ;) ;),2022-06-29,0,1,3,,pos,       yes  ,yes
1542224097089822726,@HeavyMental_es @UbaldoHervas @DavidAlayon @Recuenco @_miki @GuillermoDeHaro @TheBridge_Tech El segundo por la derecha de la primera fila es mikki?,2022-06-29,0,1,3,,pos,       el segundo por la derecha de la primera fila es mikki,segundo derecha primera fila mikki
1542208686881390592,No todo va a ser trabajar!! Equipo UCuber #TheBridge @TheBridge_Tech  #FullStack #javascript30  https://t.co/u6K9rWwoqb,2022-06-29,0,0,0,,neg,no todo va a ser trabajar equipo ucuber thebridge  fullstack javascript,va ser trabajar equipo ucuber thebridge fullstack javascript
1542206287915585536,El sentido de la vida ya no es 42 -- Light Mental ediciÃ³n especial @TheBridge_Tech  https://t.co/z7hOVln8Bp,2022-06-29,3,2,22,,neg,el sentido de la vida ya no es     light mental ediciÃ³n especial ,vida light mental ediciÃ³n especial
1542151630128381953,"We had a great time yesterday at #TechTalks, talking to all the motivated and ambitious students from the CEU Cardenal Herrera in #ValenciağŸ™Œ  Our #IoT #business #vision and our solution/ front-end development were the main topicsğŸ’ª  Thank you @TheBridge_Tech!  ğŸš€ğŸš€ğŸš€  https://t.co/cqTiiRyEkA",2022-06-29,2,1,8,,pos,we had a great time yesterday at techtalks talking to all the motivated and ambitious students from the ceu cardenal herrera in valencia our iot business vision and our solution  front end development were the main topics thank you  ,we had great time yesterday at techtalks talking to all the motivated and ambitious students from the ceu cardenal herrera in valencia our iot business vision and our solution front end development were the main topics thank you
1542124257114734595,#Atitlan invierte en una una ronda de financiaciÃ³n de 5 millones de euros en @TheBridge_Tech   https://t.co/7eN3zLMYpg a travÃ©s de @elEconomistaes,2022-06-29,1,0,3,,pos,atitlan invierte en una una ronda de financiaciÃ³n de  millones de euros en  a travÃ©s de ,atitlan invierte ronda financiaciÃ³n millones euros travÃ©s
1542075584158830594,"Â¡Un placer tener ayer a empresas como @sesamehr_ , @feending y @LORIOTio con nosotros en la #TechTalksValencia! ğŸ¤—Descubriendo un poquitoâ•del sector y de cÃ³mo funciona y se trabaja en un negocio digital ğŸ“²  #sectortech #digitaltalent #empleabilidad  https://t.co/GGyoigRCQt",2022-06-29,4,0,4,,pos,un placer tener ayer a empresas como    y  con nosotros en la techtalksvalencia descubriendo un poquitodel sector y de cÃ³mo funciona y se trabaja en un negocio digital  sectortech digitaltalent empleabilidad,placer tener ayer empresas techtalksvalencia descubriendo poquitodel sector cÃ³mo funciona trabaja negocio digital sectortech digitaltalent empleabilidad
1541859665570664448,@fernandojsg @HeavyMental_es @DavidAlayon @Recuenco @_miki @GuillermoDeHaro @TheBridge_Tech Y queremos.,2022-06-28,0,0,3,,pos,       y queremos,queremos
1541850071456792578,@HeavyMental_es @DavidAlayon @Recuenco @_miki @GuillermoDeHaro @TheBridge_Tech Mens sana in corpore sano  https://t.co/PJJ7Eg0KPQ,2022-06-28,0,0,8,,pos,      mens sana in corpore sano,mens sana in corpore sano
1541830701863034880,"@GuillermoDeHaro @Mulder01198676 @HeavyMental_es @DavidAlayon @Recuenco @_miki @TheBridge_Tech Jajajaja lo voy a buscar solo para darle laik, errete y suscribirme.   Puto genio Mulder",2022-06-28,0,0,3,,pos,       jajajaja lo voy a buscar solo para darle laik errete y suscribirme puto genio mulder,jajajaja voy buscar solo darle laik errete suscribirme puto genio mulder
1541826498650406913,"@HeavyMental_es @DavidAlayon @Recuenco @_miki @GuillermoDeHaro @TheBridge_Tech Yo no pude ir...ğŸ˜­ğŸ˜­ğŸ˜­ğŸ˜­ğŸ˜­ Por tema serio.. Felicidades!!!! Os lo merecÃ©is, locos maravillosos de @HeavyMental_es! @_miki, @davidalayon y @Recuenco ğŸ‘ğŸ»ğŸ‘ğŸ»ğŸ‘ğŸ»ğŸ‘ğŸ» la vida es mÃ¡s vida y salvaje mental  gracias a vosotros.  Esperando merchandising para verano!!  https://t.co/gwG9cndOaA",2022-06-28,0,0,3,,neg,      yo no pude ir por tema serio felicidades os lo merecÃ©is locos maravillosos de    y   la vida es mÃ¡s vida y salvaje mental gracias a vosotros esperando merchandising para verano,pude ir tema serio felicidades merecÃ©is locos maravillosos vida vida salvaje mental gracias esperando merchandising verano
1541817440207884288,"@didacjo1 @_miki @samuelgil He de decir que luego pusieron cervezas, pero porque se estiraron los de @TheBridge_Tech... para el prÃ³ximo evento @HeavyMental_es lo del currasco tiene que estar sÃ­ o sÃ­  https://t.co/euwFxXpDNs",2022-06-28,0,0,2,,pos,   he de decir que luego pusieron cervezas pero porque se estiraron los de  para el prÃ³ximo evento  lo del currasco tiene que estar sÃ­ o sÃ­,decir luego pusieron cervezas estiraron prÃ³ximo evento currasco
1541798453923221508,"La empresa de formaciÃ³n de talento y competencias digitales, @TheBridge_Tech , acaba de anunciar una ronda de financiaciÃ³n por un total de 5 millones de euros liderada por Atitlan  https://t.co/AProTjb79k",2022-06-28,3,0,5,,pos,la empresa de formaciÃ³n de talento y competencias digitales   acaba de anunciar una ronda de financiaciÃ³n por un total de  millones de euros liderada por atitlan,empresa formaciÃ³n talento competencias digitales acaba anunciar ronda financiaciÃ³n total millones euros liderada atitlan
1541777929968967683,@HeavyMental_es @DavidAlayon @Recuenco @_miki @GuillermoDeHaro @TheBridge_Tech No os olvidÃ©is de cargar bien la pala que llega la recesiÃ³n  https://t.co/RGJccI8lSY,2022-06-28,0,0,2,,neg,      no os olvidÃ©is de cargar bien la pala que llega la recesiÃ³n,olvidÃ©is cargar bien pala llega recesiÃ³n
1541770768123658243,@GuillermoDeHaro @Mulder01198676 @HeavyMental_es @DavidAlayon @Recuenco @_miki @TheBridge_Tech Siempre se puede firmar el pollo en lugar de la pata. Ya tÃº sabeh,2022-06-28,0,0,2,,pos,       siempre se puede firmar el pollo en lugar de la pata ya tÃº sabeh,siempre puede firmar pollo lugar pata sabeh
1541770632991764480,"@Mulder01198676 @GuillermoDeHaro @HeavyMental_es @DavidAlayon @Recuenco @_miki @TheBridge_Tech Jajaja, eso espero, sÃ­",2022-06-28,0,0,2,,pos,       jajaja eso espero sÃ­,jajaja espero
1541770429097975815,@moquintana @GuillermoDeHaro @HeavyMental_es @DavidAlayon @Recuenco @_miki @TheBridge_Tech Ups!!! Lo siento @moquintana en nada estas haciendo nuevas excursiones por la jungla! ğŸ’ªğŸ¼ğŸ˜ƒ,2022-06-28,0,1,5,,pos,       ups lo siento  en nada estas haciendo nuevas excursiones por la jungla ,ups siento haciendo nuevas excursiones jungla
1541770149031809024,@Mulder01198676 @GuillermoDeHaro @HeavyMental_es @DavidAlayon @Recuenco @_miki @TheBridge_Tech Poca broma con lo de romperse las piernas. Â¡Ains!,2022-06-28,0,1,4,,pos,       poca broma con lo de romperse las piernas ains,poca broma romperse piernas ains
1541768275146719233,"@GuillermoDeHaro @moquintana @HeavyMental_es @DavidAlayon @Recuenco @_miki @TheBridge_Tech Fimarme las patas, me suena a romperme las piernas y firmarme la escayoala! en quÃ© estais pensando???  https://t.co/RwITuAdVOU",2022-06-28,0,1,3,,pos,       fimarme las patas me suena a romperme las piernas y firmarme la escayoala en quÃ© estais pensando,fimarme patas suena romperme piernas firmarme escayoala estais pensando
1541765922775498756,@moquintana @GuillermoDeHaro @HeavyMental_es @DavidAlayon @Recuenco @_miki @TheBridge_Tech Por supuesto! ğŸ˜‰,2022-06-28,0,0,4,,pos,       por supuesto ,supuesto
1541765527051304960,"@Mulder01198676 @GuillermoDeHaro @HeavyMental_es @DavidAlayon @Recuenco @_miki @TheBridge_Tech Â¡AhÃ­, ahÃ­, nuestro libro jugando con la primera liga!  En cuanto a la firma, por supuesto que sÃ­. Te podemos firmar la mesa, tambiÃ©n ğŸ¤£",2022-06-28,0,2,6,,pos,       ahÃ­ ahÃ­ nuestro libro jugando con la primera liga en cuanto a la firma por supuesto que sÃ­ te podemos firmar la mesa tambiÃ©n ,ahÃ­ ahÃ­ libro jugando primera liga cuanto firma supuesto podemos firmar mesa
1541751877213331459,"@Recuenco @PauMugarra @HeavyMental_es @DavidAlayon @_miki @GuillermoDeHaro @TheBridge_Tech La edad no perdona, en cuclillas te caÃ­as...y te has tenido que sujetar, con cierto estilo, lo reconozco. Enhorabuena por la jornada",2022-06-28,0,0,2,,neg,       la edad no perdona en cuclillas te caÃ­asy te has tenido que sujetar con cierto estilo lo reconozco enhorabuena por la jornada,edad perdona cuclillas caÃ­asy sujetar cierto estilo reconozco enhorabuena jornada
1541751543770357763,@GuillermoDeHaro @HeavyMental_es @DavidAlayon @Recuenco @_miki @TheBridge_Tech Pues ya tengo para las otras 3 patas ğŸ¤£   @DavidAlayon @moquintana teneis una firma pendiente para uno de estos ğŸ˜‰  https://t.co/sXd1RPXmTi,2022-06-28,1,1,6,,pos,      pues ya tengo para las otras  patas    teneis una firma pendiente para uno de estos ,pues patas teneis firma pendiente
1541749770208911360,"@HeavyMental_es @DavidAlayon @Recuenco @_miki @GuillermoDeHaro @TheBridge_Tech Joder, estoy encantado de haber sido el mÃ¡s tonto de ESA habitaciÃ³n!  https://t.co/NDcYvsfaKV",2022-06-28,0,1,3,,pos,      joder estoy encantado de haber sido el mÃ¡s tonto de esa habitaciÃ³n,joder encantado haber sido tonto habitaciÃ³n
1541738588190216198,"@HeavyMental_es @DavidAlayon @Recuenco @_miki @GuillermoDeHaro @TheBridge_Tech Recuenco haciendo Break dance, lo prÃ³ximo beatbox",2022-06-28,0,0,5,,pos,      recuenco haciendo break dance lo prÃ³ximo beatbox,recuenco haciendo break dance prÃ³ximo beatbox
1541735069995376640,@PauMugarra @HeavyMental_es @DavidAlayon @Recuenco @_miki @GuillermoDeHaro @TheBridge_Tech Nunca dejarÃ¡ de ser el Enfant terrible,2022-06-28,0,0,2,,neg,       nunca dejarÃ¡ de ser el enfant terrible,nunca dejarÃ¡ ser enfant terrible
1541703736749424641,@HeavyMental_es @DavidAlayon @Recuenco @_miki @GuillermoDeHaro @TheBridge_Tech Recuenco pose  https://t.co/5likSnfZUI,2022-06-28,0,0,12,,pos,      recuenco pose,recuenco pose
1541690507600056320,@Mulder01198676 @PauMugarra @DavidAlayon @Recuenco @_miki @GuillermoDeHaro @TheBridge_Tech SÃ­ a todo,2022-06-28,0,1,1,,pos,       sÃ­ a todo,
1541682809370300417,@PauMugarra @HeavyMental_es @DavidAlayon @Recuenco @_miki @GuillermoDeHaro @TheBridge_Tech Aterrizaje de superheroe.  https://t.co/eogE03ZSwR,2022-06-28,0,1,5,,pos,       aterrizaje de superheroe,aterrizaje superheroe
1541681065802309632,@Recuenco @PauMugarra @HeavyMental_es @DavidAlayon @_miki @GuillermoDeHaro @TheBridge_Tech  https://t.co/nvnvqHVF9u,2022-06-28,0,0,4,,pos,      ,
1541678686751133698,Gracias @HeavyMental_es por la tarde de ayer y a todos los asistentes Â¡Ã‰xito absoluto! ğŸ™ğŸ‘,2022-06-28,4,0,22,https://twitter.com/HeavyMental_es/status/1541660216290336769,pos,gracias  por la tarde de ayer y a todos los asistentes Ã©xito absoluto ,gracias tarde ayer asistentes Ã©xito absoluto
1541676593323573249,@PauMugarra @HeavyMental_es @DavidAlayon @_miki @GuillermoDeHaro @TheBridge_Tech Que intentaba no tapar a nadie de detrÃ¡s.,2022-06-28,0,2,1,,neg,      que intentaba no tapar a nadie de detrÃ¡s,intentaba tapar nadie detrÃ¡s
1541675702487072768,"@Recuenco Que guay, supervisora de lujo y buen sitio. Saludos a los amigos de @TheBridge_Tech @nodosenlared",2022-06-28,1,0,3,,pos, que guay supervisora de lujo y buen sitio saludos a los amigos de  ,guay supervisora lujo buen sitio saludos amigos
1541674892390719490,@HeavyMental_es @DavidAlayon @Recuenco @_miki @GuillermoDeHaro @TheBridge_Tech QuÃ© le pasa a Javier en la foto? Esa pose no es normal ğŸ™ˆ,2022-06-28,0,3,2,,neg,      quÃ© le pasa a javier en la foto esa pose no es normal ,pasa javier foto pose normal
1541563017241976835,"Gracias @HeavyMental_es por la elocuencia de @Recuenco, la disciplina de @DavidAlayon, y la perfecta felicidad de @_miki para crear el Ã¡gora en @TheBridge_Tech: @GuillermoDeHaro @jatorrero @PedroAeriaa @mevasjimenez @joobid @marianosarmient @fyustas1 @_sergiosanjuan y otros 42ğŸ‘  https://t.co/iPKI9axebY",2022-06-28,0,0,10,,pos,gracias  por la elocuencia de  la disciplina de  y la perfecta felicidad de  para crear el Ã¡gora en          y otros ,gracias elocuencia disciplina perfecta felicidad crear Ã¡gora
1541558488001822725,@Bombabarros @Mulder01198676 @_miki @Recuenco @DavidAlayon @GuillermoDeHaro @moquintana @TheBridge_Tech Gracias por venir y buen viaje de vueltaâ€¦ eres top!!,2022-06-28,0,0,3,,pos,        gracias por venir y buen viaje de vueltaâ€¦ eres top,gracias venir buen viaje vueltaâ€¦ top
1541557726777692161,"@HeavyMental_es @Mulder01198676 Resultado apabullante de los locales, el pÃºblico enloqueciÃ³ con el juego de su equipo y no dejaron de animar hasta que fueron desalojados. MuchÃ­simas gracias!!! @HeavyMental_es @_miki @Recuenco @DavidAlayon @GuillermoDeHaro @moquintana @TheBridge_Tech  https://t.co/osw6AlqUgq",2022-06-28,1,1,6,,neg,  resultado apabullante de los locales el pÃºblico enloqueciÃ³ con el juego de su equipo y no dejaron de animar hasta que fueron desalojados muchÃ­simas gracias       ,resultado apabullante locales pÃºblico enloqueciÃ³ juego equipo dejaron animar desalojados muchÃ­simas gracias
1541523364094906370,@designetworking @GuillermoDeHaro @HeavyMental_es @Recuenco @TheBridge_Tech Pero debo reconocer que el premio por preguntar sobre la influencia de El Pollo Pepe en la obra literaria de @Recuenco y @GuillermoDeHaro ha merecido la pena. @HeavyMental_es fidelis ğŸ¤˜  https://t.co/0bmUpQuoBN,2022-06-27,1,0,8,,pos,     pero debo reconocer que el premio por preguntar sobre la influencia de el pollo pepe en la obra literaria de  y  ha merecido la pena  fidelis ,debo reconocer premio preguntar influencia pollo pepe obra literaria merecido pena fidelis
1541496472541315073,"@joobid @GuillermoDeHaro @HeavyMental_es @Recuenco @TheBridge_Tech InspiraciÃ³n para innovar. La clave no es quien inventa, si no, quiÃ©n traduce a la masa citando a quien inventa.",2022-06-27,0,0,1,,neg,     inspiraciÃ³n para innovar la clave no es quien inventa si no quiÃ©n traduce a la masa citando a quien inventa,inspiraciÃ³n innovar clave inventa si quiÃ©n traduce masa citando inventa
1541494873265676289,"@designetworking @GuillermoDeHaro @HeavyMental_es @Recuenco @TheBridge_Tech Alguien tenÃ­a que preguntarlo. No quiero hablar de plagio, que es palabra gruesa, pero buena parte de los fundamentos del libro de @GuillermoDeHaro y @Recuenco estaba ya en El Pollo Pepe. Y lo saben  https://t.co/Jtt4XVIsCT",2022-06-27,2,2,11,,neg,     alguien tenÃ­a que preguntarlo no quiero hablar de plagio que es palabra gruesa pero buena parte de los fundamentos del libro de  y  estaba ya en el pollo pepe y lo saben,alguien preguntarlo quiero hablar plagio palabra gruesa buena parte fundamentos libro pollo pepe saben
1541493843316580354,Primera micro clase de un profe de @TheBridge_Tech a los @HeavyMental_es &amp; @GuillermoDeHaro  https://t.co/r9T6R29Sg2,2022-06-27,0,0,3,,pos,primera micro clase de un profe de  a los  &amp ,primera micro clase profe &amp
1541492108703531008,"@joobid lanzando la pregunta del millÃ³n de euros a @GuillermoDeHaro sobre ""El Pollo Pepe"", que nos marca la X del mapa de @HeavyMental_es, hacia la esencia del 42 o la transcendencia del sentido de la vida que plantea el estoicismo como nos recuerda @Recuenco  en @TheBridge_Tech  https://t.co/8ft1LaMH47",2022-06-27,1,1,6,,pos, lanzando la pregunta del millÃ³n de euros a  sobre el pollo pepe que nos marca la x del mapa de  hacia la esencia del  o la transcendencia del sentido de la vida que plantea el estoicismo como nos recuerda  en ,lanzando pregunta millÃ³n euros pollo pepe marca x mapa hacia esencia transcendencia vida plantea estoicismo recuerda
1541484295465959427,Gracias a @TheBridge_Tech por facilitar la desvirtualizaciÃ³n de tuiteros que nos encontramos alrededor de @HeavyMental_es y las turras del @Recuenco,2022-06-27,0,0,2,https://twitter.com/HeavyMental_es/status/1541475190957383680,pos,gracias a  por facilitar la desvirtualizaciÃ³n de tuiteros que nos encontramos alrededor de  y las turras del ,gracias facilitar desvirtualizaciÃ³n tuiteros encontramos alrededor turras
1541477869620281345,"Hoy tenemos invitados en @TheBridge_Tech. Los chicos de @HeavyMental_es y @GuillermoDeHaro  hablando sobre el sentido de la vida, o algo  https://t.co/sGeJVf3HFN",2022-06-27,0,0,2,,pos,hoy tenemos invitados en  los chicos de  y  hablando sobre el sentido de la vida o algo,hoy invitados chicos hablando vida
1541470520658493440,"Que nos dice Pedro SÃ¡nchez, que si le compramos todos los libros del @Recuenco y @GuillermoDeHaro nos invita a unas caÃ±as en @TheBridge_Tech por el encuentro de @HeavyMental_es  https://t.co/hdJRlA1QD8",2022-06-27,0,0,3,,pos,que nos dice pedro sÃ¡nchez que si le compramos todos los libros del  y  nos invita a unas caÃ±as en  por el encuentro de ,dice pedro sÃ¡nchez si compramos libros invita unas caÃ±as encuentro
1541448970123223040,@TheBridge_Tech @HeavyMental_es @Alienta Casi! Justo estaba rellenando datos ğŸ¤£,2022-06-27,0,0,1,,pos,   casi justo estaba rellenando datos ,casi justo rellenando datos
1541445570925133825,@TheBridge_Tech @Recuenco @HeavyMental_es @Alienta tendrÃ© que colarme?  https://t.co/sfp5t11RPi,2022-06-27,0,0,2,,pos,    tendrÃ© que colarme,colarme
1541445192925978625,@vmcasamayor @TheBridge_Tech @Recuenco @Alienta ğŸ™„ @TheBridge_Tech,2022-06-27,0,0,1,,pos,     ,
1541445021068627969,@TheBridge_Tech @Recuenco @HeavyMental_es @Alienta pero quedan entradas o no? Cojone!,2022-06-27,0,1,3,,neg,    pero quedan entradas o no cojone,quedan entradas cojone
1541403967581831169,"@HeavyMental_es @TheBridge_Tech @Recuenco @GuillermoDeHaro Cada vez que pulsas la frase es distinta, no hace falta ni editar luego...",2022-06-27,0,0,1,,neg,    cada vez que pulsas la frase es distinta no hace falta ni editar luego,cada vez pulsas frase distinta hace falta editar luego
1541403726182858753,"@joobid @TheBridge_Tech @Recuenco @GuillermoDeHaro Si claro, Miki no tiene otra cosa que hacer",2022-06-27,0,1,1,,neg,    si claro miki no tiene otra cosa que hacer,si claro miki cosa hacer
1541403632104620033,@joobid @HeavyMental_es @TheBridge_Tech @GuillermoDeHaro DÃ©jalo cortocircuitado en Always on.,2022-06-27,0,0,1,,pos,    dÃ©jalo cortocircuitado en always on,dÃ©jalo cortocircuitado always on
1541403277752995841,@HeavyMental_es @TheBridge_Tech Â¿Me llevo el botÃ³n para el directo de hoy @Recuenco @GuillermoDeHaro?  https://t.co/CSjtCXQ64B,2022-06-27,0,2,2,,pos,  me llevo el botÃ³n para el directo de hoy  ,llevo botÃ³n directo hoy
1541347694802882567,"@HeavyMental_es @TheBridge_Tech Si al final el ""de pedir"" funciona  https://t.co/1A2PyYMAol",2022-06-27,0,0,1,,pos,  si al final el de pedir funciona,si final pedir funciona
1541334998892036096,"@jatorrero @TheBridge_Tech Juan Antonio, te mandamos dm para que te vengas que hay hueco!",2022-06-27,0,1,2,,pos,  juan antonio te mandamos dm para que te vengas que hay hueco,juan antonio mandamos dm vengas hueco
1541303566597496833,"@HeavyMental_es @TheBridge_Tech Moviendo satÃ©lites pero ya!!. Huy, Â¿y si piensan que son sat Rusos?. Al riesgo que mola.",2022-06-27,0,0,1,,pos,  moviendo satÃ©lites pero ya huy y si piensan que son sat rusos al riesgo que mola,moviendo satÃ©lites huy si piensan sat rusos riesgo mola
1541297237485035520,@navarro_batista @TheBridge_Tech En orbyt ya si eso.,2022-06-27,0,1,1,,pos,  en orbyt ya si eso,orbyt si
1541294547489136640,@HeavyMental_es @TheBridge_Tech Que se grabe para el Orbe. Toy en otra plataforma.,2022-06-27,0,1,1,,pos,  que se grabe para el orbe toy en otra plataforma,grabe orbe toy plataforma
1541266958259306496,"@HeavyMental_es @TheBridge_Tech @GuillermoDeHaro @Recuenco @Alienta Si hay que bajar al barro, se baja.",2022-06-27,0,0,2,,pos,     si hay que bajar al barro se baja,si bajar barro baja
1541266817624203264,@HeavyMental_es @TheBridge_Tech @GuillermoDeHaro @Recuenco @Alienta El plan // La ejecuciÃ³n  https://t.co/z6upT5d5Zn,2022-06-27,1,1,4,,pos,     el plan    la ejecuciÃ³n,plan ejecuciÃ³n
1541123745078824965,"@HeavyMental_es @TheBridge_Tech ğŸ˜ğŸ˜ğŸ˜ Triste es de pedir, pero mÃ¡s triste es de robar.   Si alguno no va a Ãºltima hora, mis DMs estÃ¡n abiertos.",2022-06-26,0,1,5,,neg,   triste es de pedir pero mÃ¡s triste es de robar si alguno no va a Ãºltima hora mis dms estÃ¡n abiertos,triste pedir triste robar si alguno va Ãºltima hora dms abiertos
1541062348970115072,"@CarlosLGonzalez @TheBridge_Tech Yes, seguramente martes a la misma hora en todos lados :)",2022-06-26,0,0,2,,pos,  yes seguramente martes a la misma hora en todos lados ,yes seguramente martes misma hora lados
1541061827169230848,@HeavyMental_es @TheBridge_Tech Puta vida... Los sudacas nos jodemos... Me quedarÃ© tomando mientras espero que tengan piedad de nosotros y lo publiquen en Youtube... Porque de Twitch no se nada,2022-06-26,0,1,3,,neg,  puta vida los sudacas nos jodemos me quedarÃ© tomando mientras espero que tengan piedad de nosotros y lo publiquen en youtube porque de twitch no se nada,puta vida sudacas jodemos quedarÃ© tomando mientras espero piedad publiquen youtube twitch
1541060983476584448,"@CarlosLGonzalez @TheBridge_Tech SÃ­, vida real se llama.",2022-06-26,0,1,1,,pos,  sÃ­ vida real se llama,vida real llama
1541057117045530626,@HeavyMental_es @TheBridge_Tech No va en directo por ninguna plataforma!!???,2022-06-26,0,1,1,,neg,  no va en directo por ninguna plataforma,va directo ninguna plataforma
1541048623261171718,@HeavyMental_es @TheBridge_Tech  https://t.co/TFD31c8i61,2022-06-26,0,0,1,,pos, ,
1541046264539893760,"ğŸ•£ TIC, TAC: MAÃ‘ANA os vemos a todos a las 7.30pm en nuestro evento en directo en MADRID en @TheBridge_Tech   ğŸš¨Para los que no vayÃ¡is, TRANQUILOS, seguramente el martes lo emitamos para todos vosotros :D",2022-06-26,6,6,17,https://twitter.com/HeavyMental_es/status/1535571536186335233,pos, tic tac maÃ±ana os vemos a todos a las pm en nuestro evento en directo en madrid en  para los que no vayÃ¡is tranquilos seguramente el martes lo emitamos para todos vosotros d,tic tac maÃ±ana vemos pm evento directo madrid vayÃ¡is tranquilos seguramente martes emitamos d
1539565619728814082,"@HeavyMental_es @TheBridge_Tech @GuillermoDeHaro @Recuenco @Alienta Â¡Â¡Â¡Que poco queda ya para el evento!!!  @_miki te pillo en ""La Coru"" y nos hacemos un blablacar? podrÃ­a salir un podcast dpm de ahÃ­ ğŸ˜‚.  https://t.co/cptLyWZ7Ip",2022-06-22,0,0,3,,pos,     que poco queda ya para el evento  te pillo en la coru y nos hacemos un blablacar podrÃ­a salir un podcast dpm de ahÃ­ ,queda evento pillo coru hacemos blablacar podrÃ­a salir podcast dpm ahÃ­
1539550883331166213,"ğŸ“¢MiÃ©rcoles 6 de julio, 18h evento con @GoogleES donde hablaremos de #CloudComputingâ˜ï¸ las nuevas herramientas como #kubernetes #Serverless #CI #CD y los perfiles que actualmente necesitan las empresas #devops #cloud   ğŸŸSaca ya tus entradasğŸ‘‡   https://t.co/4TxR37UlfR",2022-06-22,0,0,0,,pos,miÃ©rcoles  de julio h evento con  donde hablaremos de cloudcomputing las nuevas herramientas como kubernetes serverless ci cd y los perfiles que actualmente necesitan las empresas devops cloud saca ya tus entradas,miÃ©rcoles julio h evento hablaremos cloudcomputing nuevas herramientas kubernetes serverless ci cd perfiles actualmente necesitan empresas devops cloud saca entradas
1539280728978071553,"@TheBridge_Tech @LORIOTio @sesamehr_ @feending @uchceu Buenas, disculpad, se estÃ¡ emitiendo ya la charla sobre GOOGLE ADS desde cero??  No puedo acceder desde ZOOM",2022-06-21,0,0,0,,neg,     buenas disculpad se estÃ¡ emitiendo ya la charla sobre google ads desde cero no puedo acceder desde zoom,buenas disculpad emitiendo charla google ads cero puedo acceder zoom
1539164971765989378,Â¿Quieres aprender sobre #ciberseguridad? ğŸ‘©â€ğŸ’»  La aceleradora de #talento digital @TheBridge_Tech organiza esta tarde un taller en #Valencia en el que aprenderÃ¡s a utilizar algunas herramientas bÃ¡sicas de la mano de los mejores profesores ğŸ‘¥  Â¡RegÃ­strate! âœ  https://t.co/IhiitXLjHT  https://t.co/SfcT0HbRow,2022-06-21,0,0,4,,pos,quieres aprender sobre ciberseguridad â€ la aceleradora de talento digital  organiza esta tarde un taller en valencia en el que aprenderÃ¡s a utilizar algunas herramientas bÃ¡sicas de la mano de los mejores profesores  regÃ­strate ,quieres aprender ciberseguridad â€ aceleradora talento digital organiza tarde taller valencia aprenderÃ¡s utilizar herramientas bÃ¡sicas mano mejores profesores regÃ­strate
1538882376138477569,Â¡Llega la 1Âª #TechTalks en #Valencia!ğŸ™Œ Un encuentro con @LORIOTio @sesamehr_ y @feending en el que nos contarÃ¡n su visiÃ³n de negocio ligada a la tecnologÃ­a y debatiremos sobre la importancia de perfiles digitales ğŸŸÂ¡Saca ya tu entrada!ğŸ‘‡@uchceu  https://t.co/42tVP5NZ4Y,2022-06-20,0,1,1,,pos,llega la Âª techtalks en valencia un encuentro con   y  en el que nos contarÃ¡n su visiÃ³n de negocio ligada a la tecnologÃ­a y debatiremos sobre la importancia de perfiles digitales saca ya tu entrada,llega Âª techtalks valencia encuentro contarÃ¡n visiÃ³n negocio ligada tecnologÃ­a debatiremos importancia perfiles digitales saca entrada
1536966880866586626,Hoy @TheBridge_Tech a las 18:00: Taller Data Science Valencia: Mi primera aplicaciÃ³n de web de IA  https://t.co/DbwCfYaaX3,2022-06-15,1,0,1,,pos,hoy  a las  taller data science valencia mi primera aplicaciÃ³n de web de ia,hoy taller data science valencia primera aplicaciÃ³n web ia
1536745017036918793,AquÃ­ estamos ğŸ˜Š a punto de comenzar #LPCxMAD con @MercadonaTech en @TheBridge_Tech  Ga-na-zas!! ğŸ™Œ  https://t.co/Z35gVk2i1x,2022-06-14,1,1,4,,pos,aquÃ­ estamos  a punto de comenzar lpcxmad con  en  ga na zas ,aquÃ­ punto comenzar lpcxmad ga na zas
1536710498712006660,"Â¡Lanzamos las becas @viewnext para estudiar #Cloud &amp; #DevOps â˜ï¸! Si quieres formarte en una profesiÃ³n con futuro y alta demanda, infÃ³rmate sobre las becas para estudiar un #bootcamp en @TheBridge_Tech ğŸ™Œ Solicita la tuya â¡  https://t.co/pvfZneLd1d  https://t.co/li3VtNpZDo",2022-06-14,0,0,1,,pos,lanzamos las becas  para estudiar cloud &amp devops  si quieres formarte en una profesiÃ³n con futuro y alta demanda infÃ³rmate sobre las becas para estudiar un bootcamp en   solicita la tuya ,lanzamos becas estudiar cloud &amp devops si quieres formarte profesiÃ³n futuro alta demanda infÃ³rmate becas estudiar bootcamp solicita
1536427396437577728,"@HeavyMental_es @TheBridge_Tech @Atorrerus @Mulder01198676 @joansabater @PesetJairo @pelayoarbues @adriskou @estodopornada No ha podido ser, otra vez serÃ¡.  Gracias en cualquier caso por la iniciativa ğŸ˜‰",2022-06-13,0,0,2,,pos,         no ha podido ser otra vez serÃ¡ gracias en cualquier caso por la iniciativa ,podido ser vez gracias cualquier caso iniciativa
1536365482680401921,@HeavyMental_es @TheBridge_Tech @Atorrerus @joansabater @PesetJairo @pelayoarbues @adriskou @estodopornada EstÃ¡n cotizadÃ­simas!... las entradas  @HeavyMental_es son el Dogecoin del universo podcasting. #Tothemoooooon  https://t.co/Ddn73iUJ0y,2022-06-13,0,0,2,,pos,        estÃ¡n cotizadÃ­simas las entradas  son el dogecoin del universo podcasting tothemoooooon,cotizadÃ­simas entradas dogecoin universo podcasting tothemoooooon
1536361884009615361,@HeavyMental_es @TheBridge_Tech @Atorrerus @Mulder01198676 @joansabater @PesetJairo @adriskou @estodopornada yo que iba a hacer reventa...,2022-06-13,0,0,2,,pos,        yo que iba a hacer reventa,iba hacer reventa
1536321996367224838,@HeavyMental_es @TheBridge_Tech @Atorrerus @Mulder01198676 @joansabater @pelayoarbues @adriskou @estodopornada Gracias por intentarlo pero las seÃ±ales me dicen que no debÃ­a estar (mala suerte que trabajando 3h sueltas los lunes me haya pillado trabajando xdd). Me tocarÃ¡ esperarme a la ediciÃ³n de Valencia ğŸ”¥ğŸ¤˜ğŸ˜‰,2022-06-13,0,0,0,,neg,        gracias por intentarlo pero las seÃ±ales me dicen que no debÃ­a estar mala suerte que trabajando h sueltas los lunes me haya pillado trabajando xdd me tocarÃ¡ esperarme a la ediciÃ³n de valencia ,gracias intentarlo seÃ±ales dicen debÃ­a mala suerte trabajando h sueltas lunes pillado trabajando xdd tocarÃ¡ esperarme ediciÃ³n valencia
1536313018321190912,Lo conseguÃ­!!! Gracias @TheBridge_Tech  @HeavyMental_es,2022-06-13,0,0,1,https://twitter.com/TheBridge_Tech/status/1536310176801857538,pos,lo conseguÃ­ gracias  ,conseguÃ­ gracias
1536311923423203331,@TheBridge_Tech @HeavyMental_es @Alienta Â¡Y yo! Que buena forma de empezar la semana.,2022-06-13,0,0,1,,pos,   y yo que buena forma de empezar la semana,buena forma empezar semana
1536310998319210496,@TheBridge_Tech @HeavyMental_es @Alienta Â¡La tengo!,2022-06-13,0,0,2,,pos,   la tengo,
1536310702876549123,Lo prometimos y han llegado gracias a @TheBridge_Tech ... Ãºltimas entradas para el podcast 27 en directo :D  cc @Atorrerus @Mulder01198676 @joansabater @PesetJairo @pelayoarbues @adriskou @estodopornada,2022-06-13,2,4,6,https://twitter.com/TheBridge_Tech/status/1536310176801857538,pos,lo prometimos y han llegado gracias a   Ãºltimas entradas para el podcast  en directo d cc       ,prometimos llegado gracias Ãºltimas entradas podcast directo d cc
1536310176801857538,"Â¡Ãšltimas1âƒ£0âƒ£entradas! El lunes 27 de junio acogeremos la grabaciÃ³n de ""El sentido de la vida ya no es 42"" un episodio del podcast de @HeavyMental_es, donde presentarÃ¡n ""El pequeÃ±o libro de la filosofÃ­a estoica"" de @Alienta Si quieres asistir como pÃºblicoğŸ‘‰ https://t.co/Vp0zHYIRua",2022-06-13,2,6,4,https://twitter.com/HeavyMental_es/status/1535571536186335233,neg,Ãºltimasentradas el lunes  de junio acogeremos la grabaciÃ³n de el sentido de la vida ya no es  un episodio del podcast de  donde presentarÃ¡n el pequeÃ±o libro de la filosofÃ­a estoica de  si quieres asistir como pÃºblico,Ãºltimasentradas lunes junio acogeremos grabaciÃ³n vida episodio podcast presentarÃ¡n pequeÃ±o libro filosofÃ­a estoica si quieres asistir pÃºblico
1536267654717132801,"@HeavyMental_es @PesetJairo @TheBridge_Tech @GuillermoDeHaro @Recuenco @Alienta Inocente de mi, que lo daba por hecho...",2022-06-13,0,0,2,,pos,      inocente de mi que lo daba por hecho,inocente daba hecho
