id,conversation_id,created_at,date,time,timezone,user_id,username,name,place,tweet,language,mentions,urls,photos,replies_count,retweets_count,likes_count,hashtags,cashtags,link,retweet,quote_url,video,thumbnail,near,geo,source,user_rt_id,user_rt,retweet_id,reply_to,retweet_date,translate,trans_src,trans_dest
1564161569537363968,1564161569537363968,2022-08-29 10:02:33 Hora de verano romance,2022-08-29,10:02:33,+0200,1162694149956603904,thebridge_tech,The Bridge,,"üì∫Hemos salido en @sextaNoticias como ejemplo de #reskilling gracias a los #bootcamps üßë‚Äçüíª  üü¢""Apostar por estos procesos de reciclaje a las empresas les cuesta menos y tiene tambi√©n menos coste social"",@ikerarceseco, CEO @TheBridge_Tech   Noticia completaüëâ https://t.co/00YLRaZyt9",es,"[{'screen_name': 'sextanoticias', 'name': 'lasexta noticias', 'id': '82084630'}, {'screen_name': 'ikerarceseco', 'name': 'iker arce seco', 'id': '14645579'}, {'screen_name': 'thebridge_tech', 'name': 'the bridge', 'id': '1162694149956603904'}]",['https://bit.ly/3AyjuD0'],[],0,1,2,"['reskilling', 'bootcamps']",[],https://twitter.com/TheBridge_Tech/status/1564161569537363968,False,,0,,,,,,,,[],,,,
1563587175220137986,1563587175220137986,2022-08-27 20:00:07 Hora de verano romance,2022-08-27,20:00:07,+0200,346719304,thebridgetech,Rickey Moore,,These parts are being used to creat the autonomous lawn mower @ The Bridge Tech  https://t.co/BvQpM4RMZ7,en,[],['https://www.instagram.com/p/Chxa--XuFbc/?igshid=YTgzYjQ4ZTY='],[],0,0,0,[],[],https://twitter.com/TheBridgeTech/status/1563587175220137986,False,,0,,,,,,,,[],,,,
1563552167935426561,1563552167935426561,2022-08-27 17:41:00 Hora de verano romance,2022-08-27,17:41:00,+0200,346719304,thebridgetech,Rickey Moore,,"The jetbot we've been working on @ Greenville, South Carolina  https://t.co/KGvKmoYprC",en,[],['https://www.instagram.com/p/ChxLD-erJOi/?igshid=YTgzYjQ4ZTY='],[],0,0,1,[],[],https://twitter.com/TheBridgeTech/status/1563552167935426561,False,,0,,,,,,,,[],,,,
1563117283601289216,1563117283601289216,2022-08-26 12:52:56 Hora de verano romance,2022-08-26,12:52:56,+0200,1162694149956603904,thebridge_tech,The Bridge,,"¬øC√≥mo es hacer un #bootcamp mientras estudias o trabajas?üí™ Nos lo cuenta Jos√© Miguel, alumno del bootcamp de #desarrollowebfullstack en formato #parttime   ¬°Echa un vistazo a su experiencia en @thebridge! üëÄüëá  M√°s info sobre el #parttime  https://t.co/ZuOQNwWc1H  https://t.co/AOMd0zx3FI",es,"[{'screen_name': 'thebridge', 'name': 'thebridge', 'id': '10502382'}]",['https://bit.ly/3OXX1pf'],[],0,1,1,"['bootcamp', 'desarrollowebfullstack', 'parttime', 'parttime']",[],https://twitter.com/TheBridge_Tech/status/1563117283601289216,False,,1,https://pbs.twimg.com/ext_tw_video_thumb/1563116949307006976/pu/img/qbuhR-R-LoLLZlVH.jpg,,,,,,,[],,,,
1562455573613817859,1562455573613817859,2022-08-24 17:03:32 Hora de verano romance,2022-08-24,17:03:32,+0200,428513442,innovaspain,Innovaspain,,@TheBridge_Tech y la Fundaci√≥n @uc3m firman un convenio para ofrecer #Bootcamps de #FullStak a partir de 2023 en el Campus de Puerta de Toledo.   https://t.co/S86r7sIygQ,es,"[{'screen_name': 'uc3m', 'name': 'uc3m', 'id': '57623076'}]",['https://lnkd.in/dWZXV3jU'],[],0,0,0,"['bootcamps', 'fullstak']",[],https://twitter.com/Innovaspain/status/1562455573613817859,False,,0,,,,,,,,[],,,,
1562432037436489728,1562432037436489728,2022-08-24 15:30:00 Hora de verano romance,2022-08-24,15:30:00,+0200,2846700448,conferenciacs,ConferenciaCS,,La @uc3m se une a @TheBridge_Tech para potenciar la formaci√≥n en desarrollo web.  Ambas entidades ofrecer√°n bootcamps de Full Stak a partir de 2023 en el Campus de Puerta de Toledo  #UniversidadExcelente    https://t.co/b6W9OGHMg1,es,"[{'screen_name': 'uc3m', 'name': 'uc3m', 'id': '57623076'}, {'screen_name': 'thebridge_tech', 'name': 'the bridge', 'id': '1162694149956603904'}]",['https://www.innovaspain.com/universidad-carlosiii-the-bridge-formacion-programcion-full-stack/'],[],0,2,2,['universidadexcelente'],[],https://twitter.com/conferenciacs/status/1562432037436489728,False,,0,,,,,,,,[],,,,
1562020403199066112,1562020403199066112,2022-08-23 12:14:19 Hora de verano romance,2022-08-23,12:14:19,+0200,1162694149956603904,thebridge_tech,The Bridge,,¬°Ven a nuestro Open Day #Sevilla! üôåAc√©rcate a conocer el campus de @ENCamaraSevilla y todo sobre los bootcamps en #ciber #data y #fullstack üßë‚Äçüíª¬øQuieres acelerar tu carrera digital?  üéüSaca ya tu entrada y si quieres vente con un amig@ üëá https://t.co/Ic7PjZCIlt  ¬°Te esperamos!,es,"[{'screen_name': 'encamarasevilla', 'name': 'escuela de negocios', 'id': '163586106'}]",['https://bit.ly/3wqGwdX'],[],0,1,2,"['sevilla', 'ciber', 'data', 'fullstack']",[],https://twitter.com/TheBridge_Tech/status/1562020403199066112,False,,0,,,,,,,,[],,,,
1560688806445174790,1560688806445174790,2022-08-19 20:03:02 Hora de verano romance,2022-08-19,20:03:02,+0200,89141857,emprenemjunts,Emprenemjunts,,"ü§ùüèº @ceeivalencia y @TheBridge_Tech, primera aceleradora de talento digital, firman un convenio de colaboraci√≥n:  https://t.co/8neFc4j8i4  üéØ Complementar la formaci√≥n t√©cnica del nuevo talento, entre sus principales objetivos.",es,"[{'screen_name': 'ceeivalencia', 'name': 'ceei valencia', 'id': '284115545'}, {'screen_name': 'thebridge_tech', 'name': 'the bridge', 'id': '1162694149956603904'}]",['http://ow.ly/54Up50JM4eM'],[],0,1,0,[],[],https://twitter.com/emprenemjunts/status/1560688806445174790,False,,0,,,,,,,,[],,,,
1559223651538436098,1559223651538436098,2022-08-15 19:01:02 Hora de verano romance,2022-08-15,19:01:02,+0200,1941897590,coursereport,Course Report,,"üèÜ We're rounding up the 16 Best UI/UX Design Bootcamps of 2022, including @Shillington_, @Skillcrush, @Springboard, @TheBridge_Tech, and @thinkful!   Check out the full list here:  https://t.co/fZwEQNAICB  https://t.co/ZvmtZTtnkM",en,"[{'screen_name': 'shillington_', 'name': 'shillington', 'id': '78269467'}, {'screen_name': 'skillcrush', 'name': 'skillcrush', 'id': '507709379'}, {'screen_name': 'springboard', 'name': 'springboard', 'id': '1533654390'}, {'screen_name': 'thebridge_tech', 'name': 'the bridge', 'id': '1162694149956603904'}, {'screen_name': 'thinkful', 'name': 'thinkful', 'id': '994394408'}]",['https://bit.ly/best-ux-design-bootcamps'],['https://pbs.twimg.com/media/FaN5pdlXkAAT0Nt.jpg'],0,6,5,[],[],https://twitter.com/CourseReport/status/1559223651538436098,False,,1,https://pbs.twimg.com/media/FaN5pdlXkAAT0Nt.jpg,,,,,,,[],,,,
1559185732023074816,1559185732023074816,2022-08-15 16:30:21 Hora de verano romance,2022-08-15,16:30:21,+0200,1941897590,coursereport,Course Report,,"üèÜ We're rounding up the 27 Best Data Science Bootcamps of 2022, including @Springboard, @thinkful, @TheBridge_Tech, @turing_college, and @wbscodingschool! Check out the full list here:  https://t.co/AxN29a2FNR  https://t.co/x7mYWVhVVL",en,"[{'screen_name': 'springboard', 'name': 'springboard', 'id': '1533654390'}, {'screen_name': 'thinkful', 'name': 'thinkful', 'id': '994394408'}, {'screen_name': 'thebridge_tech', 'name': 'the bridge', 'id': '1162694149956603904'}, {'screen_name': 'turing_college', 'name': 'turing college', 'id': '1256502416633192451'}, {'screen_name': 'wbscodingschool', 'name': 'bootcamp dre', 'id': '1199284273783726081'}]",['https://bit.ly/best-data-science-bootcamps'],['https://pbs.twimg.com/media/FaNXKQUWAAA64tt.jpg'],0,2,5,[],[],https://twitter.com/CourseReport/status/1559185732023074816,False,,1,https://pbs.twimg.com/media/FaNXKQUWAAA64tt.jpg,,,,,,,[],,,,
1558009488678043649,1558009488678043649,2022-08-12 10:36:23 Hora de verano romance,2022-08-12,10:36:23,+0200,1162694149956603904,thebridge_tech,The Bridge,,üôå¬°Ya han salido las listas de @CourseReport 2022 y nuestros #bootcamps de #UXUIProductDesign y #DataScience han sido seleccionados entre los mejores del mundo! ‚ò∫ Se unen as√≠ a los programas de #Ciberseguridad y #MarketingDigital ¬°Estamos muy orgullosos!  https://t.co/ofNwNRCnIT,es,"[{'screen_name': 'coursereport', 'name': 'course report', 'id': '1941897590'}]",[],['https://pbs.twimg.com/media/FZ8npFzX0AACZYR.jpg'],0,4,5,"['bootcamps', 'uxuiproductdesign', 'datascience', 'ciberseguridad', 'marketingdigital']",[],https://twitter.com/TheBridge_Tech/status/1558009488678043649,False,,1,https://pbs.twimg.com/media/FZ8npFzX0AACZYR.jpg,,,,,,,[],,,,
1557454010919043079,1557454010919043079,2022-08-10 21:49:06 Hora de verano romance,2022-08-10,21:49:06,+0200,12085582,diegodl,diegodl,,"Muy buena sensaci√≥n irse de vacaciones con el trabajo hecho en @TheBridge_Tech M√°s alumnos, m√°s satisfacci√≥n, m√°s empleabilidad y ahora revalidamos nuestra posici√≥n en 4 rankings de @CourseReport. Y en septiembre m√°s!",es,"[{'screen_name': 'thebridge_tech', 'name': 'the bridge', 'id': '1162694149956603904'}, {'screen_name': 'coursereport', 'name': 'course report', 'id': '1941897590'}]",[],[],0,1,2,[],[],https://twitter.com/diegodl/status/1557454010919043079,False,https://twitter.com/CourseReport/status/1557449301160247298,0,,,,,,,,[],,,,
1557283166926299137,1557283166926299137,2022-08-10 10:30:14 Hora de verano romance,2022-08-10,10:30:14,+0200,1162694149956603904,thebridge_tech,The Bridge,,¬°Estamos de enhorabuena! Lanzamos un nuevo programa de #desarrollowebfullstack con la @fundacionuc3! Muy ilusionados de colaborar con una instituci√≥n de referencia ¬øReady para ser #fullstack? ¬°Aprende todos los secretos del #frontend y #backend! M√°s infoüëâ  https://t.co/uCUqBRFdzo  https://t.co/Q6NGSftBIQ,es,"[{'screen_name': 'fundacionuc3', 'name': 'fundaci√≥n universidad carlos iii', 'id': '1074990730706345984'}]",['https://bit.ly/3bMtY9F'],['https://pbs.twimg.com/media/FZySuROXgAExe0N.jpg'],0,2,1,"['desarrollowebfullstack', 'fullstack', 'frontend', 'backend']",[],https://twitter.com/TheBridge_Tech/status/1557283166926299137,False,,1,https://pbs.twimg.com/media/FZySuROXgAExe0N.jpg,,,,,,,[],,,,
1555459915573067776,1555459915573067776,2022-08-05 09:45:17 Hora de verano romance,2022-08-05,09:45:17,+0200,1162694149956603904,thebridge_tech,The Bridge,,¬°Empezamos!üôå D√≠a de #desaf√≠odetripulaciones‚öî en Madrid. Mucha suerte a tod@s con vuestros proyectos ¬°Seguro que hab√©is desarrollado unas webapps incre√≠bles! S√≠guelo üî¥EN DIRECTO  https://t.co/ejD0LT14IC,es,[],['https://youtu.be/Fu_d5S48V4Y'],[],0,1,3,['desaf√≠odetripulaciones'],[],https://twitter.com/TheBridge_Tech/status/1555459915573067776,False,,0,,,,,,,,[],,,,
1555087891872636928,1555087891872636928,2022-08-04 09:07:00 Hora de verano romance,2022-08-04,09:07:00,+0200,874916978665938945,startup_vlc,Startup Valencia,,"üí∞ Julio supera los 360 millones de euros invertidos en #startups, mientras que 2022 supera ya los 2.384 millones  Entre las rondas cerradas este √∫ltimo mes, encontramos las de nuestros socios @TheBridge_Tech y @LogistikoLabs üëè  (v√≠a @ElReferente üóû)  https://t.co/W2pfmnLmD6",es,"[{'screen_name': 'thebridge_tech', 'name': 'the bridge', 'id': '1162694149956603904'}, {'screen_name': 'logistikolabs', 'name': 'log√≠stiko', 'id': '1364235015752663040'}, {'screen_name': 'elreferente', 'name': 'el referente', 'id': '27890913'}]",['https://elreferente.es/ecosistema/el-mes-de-julio-supera-los-360-millones-de-euros-invertidos-en-startups-gracias-a-la-ronda-de-seedtag/'],[],0,3,7,['startups'],[],https://twitter.com/Startup_VLC/status/1555087891872636928,False,,0,,,,,,,,[],,,,
1554445479873810439,1554445479873810439,2022-08-02 14:34:17 Hora de verano romance,2022-08-02,14:34:17,+0200,1162694149956603904,thebridge_tech,The Bridge,,"¬°Seguimos creciendo y vamos #FromGoodToGreat! Gracias a todos los que form√°is parte de @the bridge ¬°Es una suerte contar con tod@s vosotr@s! Sin duda, sois el alma de la fiestaüëØ‚ôÇÔ∏è Si os la hab√©is perdido, pronto habr√° otra y seguro, m√°s cosas que celebrarüòâ  https://t.co/eTpGRVHrW8",es,"[{'screen_name': 'the', 'name': '—Çyler', 'id': '25668422'}]",[],[],0,0,2,['fromgoodtogreat'],[],https://twitter.com/TheBridge_Tech/status/1554445479873810439,False,,1,https://pbs.twimg.com/ext_tw_video_thumb/1554445011458134016/pu/img/DaGvUSDNOwl5bgJB.jpg,,,,,,,[],,,,
1554099392977707008,1554099392977707008,2022-08-01 15:39:03 Hora de verano romance,2022-08-01,15:39:03,+0200,763323065199628288,insidezeusdata,Zeus,,ùóóùó≤ùòÄùóÆùó≥ùó∂ùóº ùó±ùó≤ ùòÅùóøùó∂ùóΩùòÇùóπùóÆùó∞ùó∂ùóºùóªùó≤ùòÄüíªüì≤  Alumnos de desarrollo web full stack y data science de @TheBridge_Tech y @uchceu nos visitaron para presentar sus proyectos finales.   #BootcampExperience #DesarrolloWeb #DataScience #DigitalTalent  https://t.co/1I6plykqEL,es,"[{'screen_name': 'thebridge_tech', 'name': 'the bridge', 'id': '1162694149956603904'}, {'screen_name': 'uchceu', 'name': 'universidad ceu uch', 'id': '311935685'}]",[],[],0,4,4,"['bootcampexperience', 'desarrolloweb', 'datascience', 'digitaltalent']",[],https://twitter.com/insidezeusdata/status/1554099392977707008,False,,1,https://pbs.twimg.com/ext_tw_video_thumb/1554098339272134657/pu/img/RC6J5vK1PUNWOan2.jpg,,,,,,,[],,,,
1552726310186893313,1552701420218056704,2022-07-28 20:42:55 Hora de verano romance,2022-07-28,20:42:55,+0200,92249250,uribex,Jes√∫s Mar√≠a L√≥pez de Uribe,,@manuelfherrador @loretogf @TheBridge_Tech @uriondo @JotDownSpain @imparsifal ¬°T√∫ d√©jales que nos 'puentean' r√°pido! üôÉ,es,[],[],[],0,0,1,[],[],https://twitter.com/UribeX/status/1552726310186893313,False,,0,,,,,,,,"[{'screen_name': 'manuelfherrador', 'name': 'Manuel F. Herrador', 'id': '45599578'}, {'screen_name': 'loretogf', 'name': 'Loretogf', 'id': '242444362'}, {'screen_name': 'TheBridge_Tech', 'name': 'The Bridge', 'id': '1162694149956603904'}, {'screen_name': 'uriondo', 'name': 'Miguel √Ångel Uriondo', 'id': '2446351'}, {'screen_name': 'JotDownSpain', 'name': 'Jot Down Magazine', 'id': '243608028'}, {'screen_name': 'imparsifal', 'name': '√Ångel L. Fern√°ndez', 'id': '462004230'}]",,,,
1552725704588103680,1552701420218056704,2022-07-28 20:40:30 Hora de verano romance,2022-07-28,20:40:30,+0200,45599578,manuelfherrador,Manuel F. Herrador,,@loretogf @UribeX @TheBridge_Tech @uriondo @JotDownSpain @imparsifal ¬°Pero no va de puentes! :(,es,[],[],[],1,0,2,[],[],https://twitter.com/manuelfherrador/status/1552725704588103680,False,,0,,,,,,,,"[{'screen_name': 'loretogf', 'name': 'Loretogf', 'id': '242444362'}, {'screen_name': 'UribeX', 'name': 'Jes√∫s Mar√≠a L√≥pez de Uribe', 'id': '92249250'}, {'screen_name': 'TheBridge_Tech', 'name': 'The Bridge', 'id': '1162694149956603904'}, {'screen_name': 'uriondo', 'name': 'Miguel √Ångel Uriondo', 'id': '2446351'}, {'screen_name': 'JotDownSpain', 'name': 'Jot Down Magazine', 'id': '243608028'}, {'screen_name': 'imparsifal', 'name': '√Ångel L. Fern√°ndez', 'id': '462004230'}]",,,,
1552702280704704512,1552701420218056704,2022-07-28 19:07:26 Hora de verano romance,2022-07-28,19:07:26,+0200,462004230,imparsifal,√Ångel L. Fern√°ndez,,@loretogf @TheBridge_Tech @uriondo @JotDownSpain Y tanto!!,es,[],[],[],0,0,2,[],[],https://twitter.com/imparsifal/status/1552702280704704512,False,,0,,,,,,,,"[{'screen_name': 'loretogf', 'name': 'Loretogf', 'id': '242444362'}, {'screen_name': 'TheBridge_Tech', 'name': 'The Bridge', 'id': '1162694149956603904'}, {'screen_name': 'uriondo', 'name': 'Miguel √Ångel Uriondo', 'id': '2446351'}, {'screen_name': 'JotDownSpain', 'name': 'Jot Down Magazine', 'id': '243608028'}]",,,,
1552701420218056704,1552701420218056704,2022-07-28 19:04:01 Hora de verano romance,2022-07-28,19:04:01,+0200,242444362,loretogf,Loretogf,,"Comienza la masterclass en @TheBridge_Tech de @uriondo hablando de c√≥mo evitar ser #Periodista?!?! En serio?!?! jajaja con lo que mola el curso de @JotDownSpain,  verdad @imparsifal?  https://t.co/EFVSpRN56s",es,"[{'screen_name': 'thebridge_tech', 'name': 'the bridge', 'id': '1162694149956603904'}, {'screen_name': 'uriondo', 'name': 'miguel √°ngel uriondo', 'id': '2446351'}, {'screen_name': 'jotdownspain', 'name': 'jot down magazine', 'id': '243608028'}, {'screen_name': 'imparsifal', 'name': '√°ngel l. fern√°ndez', 'id': '462004230'}]",[],['https://pbs.twimg.com/media/FYxNmTvWAAE6fkv.jpg'],2,6,16,['periodista'],[],https://twitter.com/loretogf/status/1552701420218056704,False,,1,https://pbs.twimg.com/media/FYxNmTvWAAE6fkv.jpg,,,,,,,[],,,,
1552352053346852864,1552352053346852864,2022-07-27 19:55:45 Hora de verano romance,2022-07-27,19:55:45,+0200,243608028,jotdownspain,Jot Down Magazine,,Ma√±ana tenemos esto üëá  https://t.co/mHGMocUoP2  Os esperamos a las 19:00 en @TheBridge_Tech para hablar de periodismo con @uriondo,es,"[{'screen_name': 'thebridge_tech', 'name': 'the bridge', 'id': '1162694149956603904'}, {'screen_name': 'uriondo', 'name': 'miguel √°ngel uriondo', 'id': '2446351'}]",['https://www.jotdown.es/2022/07/masterclass-con-miguel-angel-uriondo/'],[],0,5,4,[],[],https://twitter.com/JotDownSpain/status/1552352053346852864,False,,0,,,,,,,,[],,,,
1552252500979421186,1552252500979421186,2022-07-27 13:20:10 Hora de verano romance,2022-07-27,13:20:10,+0200,89141857,emprenemjunts,Emprenemjunts,,"ü§ùüèº @ceeivalencia y @TheBridge_Tech, primera aceleradora de talento digital, firman un convenio de colaboraci√≥n:  https://t.co/8neFc4j8i4  üéØ Complementar la formaci√≥n t√©cnica del nuevo talento, entre sus principales objetivos.",es,"[{'screen_name': 'ceeivalencia', 'name': 'ceei valencia', 'id': '284115545'}, {'screen_name': 'thebridge_tech', 'name': 'the bridge', 'id': '1162694149956603904'}]",['http://ow.ly/54Up50JM4eM'],[],0,0,0,[],[],https://twitter.com/emprenemjunts/status/1552252500979421186,False,,0,,,,,,,,[],,,,
1551147845230764033,1551147845230764033,2022-07-24 12:10:39 Hora de verano romance,2022-07-24,12:10:39,+0200,243608028,jotdownspain,Jot Down Magazine,,El pr√≥ximo jueves 28 estaremos em @TheBridge_Tech con @uriondo que impartir√° la masterclass ¬´Evita el periodismo: una oda a la profesi√≥n¬ª. La asistencia es gratuita hasta completar aforo. Os esperamos.  https://t.co/mHGMocUoP2,es,"[{'screen_name': 'thebridge_tech', 'name': 'the bridge', 'id': '1162694149956603904'}, {'screen_name': 'uriondo', 'name': 'miguel √°ngel uriondo', 'id': '2446351'}]",['https://www.jotdown.es/2022/07/masterclass-con-miguel-angel-uriondo/'],[],0,10,15,[],[],https://twitter.com/JotDownSpain/status/1551147845230764033,False,,0,,,,,,,,[],,,,
1550108349924089856,1550054564086284289,2022-07-21 15:20:04 Hora de verano romance,2022-07-21,15:20:04,+0200,92249250,uribex,Jes√∫s Mar√≠a L√≥pez de Uribe,,@uriondo @GuillermoDeHaro @JotDownSpain @TheBridge_Tech @Google @ottoreuss ¬øC√≥mo? ¬øC√°pasao?,es,[],[],[],0,0,0,[],[],https://twitter.com/UribeX/status/1550108349924089856,False,,0,,,,,,,,"[{'screen_name': 'uriondo', 'name': 'Miguel √Ångel Uriondo', 'id': '2446351'}, {'screen_name': 'GuillermoDeHaro', 'name': 'Guillermo de Haro', 'id': '131230732'}, {'screen_name': 'JotDownSpain', 'name': 'Jot Down Magazine', 'id': '243608028'}, {'screen_name': 'TheBridge_Tech', 'name': 'The Bridge', 'id': '1162694149956603904'}, {'screen_name': 'Google', 'name': 'Google', 'id': '20536157'}, {'screen_name': 'ottoreuss', 'name': 'C. Otto', 'id': '19017608'}]",,,,
1550056580493762563,1550054564086284289,2022-07-21 11:54:22 Hora de verano romance,2022-07-21,11:54:22,+0200,2446351,uriondo,Miguel √Ångel Uriondo,,@GuillermoDeHaro @JotDownSpain @TheBridge_Tech @Google @ottoreuss Malamente. Riau Riau.,lt,[],[],[],0,0,1,[],[],https://twitter.com/uriondo/status/1550056580493762563,False,,0,,,,,,,,"[{'screen_name': 'GuillermoDeHaro', 'name': 'Guillermo de Haro', 'id': '131230732'}, {'screen_name': 'JotDownSpain', 'name': 'Jot Down Magazine', 'id': '243608028'}, {'screen_name': 'TheBridge_Tech', 'name': 'The Bridge', 'id': '1162694149956603904'}, {'screen_name': 'Google', 'name': 'Google', 'id': '20536157'}, {'screen_name': 'ottoreuss', 'name': 'C. Otto', 'id': '19017608'}]",,,,
1550056091274428419,1550054564086284289,2022-07-21 11:52:25 Hora de verano romance,2022-07-21,11:52:25,+0200,2446351,uriondo,Miguel √Ångel Uriondo,,@GuillermoDeHaro @JotDownSpain @TheBridge_Tech @Google 'Mala y ware' parece una colaboraci√≥n musical entre la Mala Rodr√≠guez y @ottoreuss üòÇ,es,"[{'screen_name': 'ottoreuss', 'name': 'c. otto', 'id': '19017608'}]",[],[],2,0,2,[],[],https://twitter.com/uriondo/status/1550056091274428419,False,,0,,,,,,,,"[{'screen_name': 'GuillermoDeHaro', 'name': 'Guillermo de Haro', 'id': '131230732'}, {'screen_name': 'JotDownSpain', 'name': 'Jot Down Magazine', 'id': '243608028'}, {'screen_name': 'TheBridge_Tech', 'name': 'The Bridge', 'id': '1162694149956603904'}, {'screen_name': 'Google', 'name': 'Google', 'id': '20536157'}]",,,,
1550055498921148417,1550054564086284289,2022-07-21 11:50:04 Hora de verano romance,2022-07-21,11:50:04,+0200,1623075325,vilafrances,alfonso vila franc√©s,,"@GuillermoDeHaro @JotDownSpain @uriondo @TheBridge_Tech @Google S√≠, yo tampoco quiero ser mal pensado, pero...",es,[],[],[],0,0,2,[],[],https://twitter.com/vilafrances/status/1550055498921148417,False,,0,,,,,,,,"[{'screen_name': 'GuillermoDeHaro', 'name': 'Guillermo de Haro', 'id': '131230732'}, {'screen_name': 'JotDownSpain', 'name': 'Jot Down Magazine', 'id': '243608028'}, {'screen_name': 'uriondo', 'name': 'Miguel √Ångel Uriondo', 'id': '2446351'}, {'screen_name': 'TheBridge_Tech', 'name': 'The Bridge', 'id': '1162694149956603904'}, {'screen_name': 'Google', 'name': 'Google', 'id': '20536157'}]",,,,
1549455964159594496,1549450863558762497,2022-07-19 20:07:44 Hora de verano romance,2022-07-19,20:07:44,+0200,138734492,cherendler_bond,Ra√∫l M.,,@uriondo @TheBridge_Tech @JotDownSpain Justo donde nos hemos formado unos cuantos experiodistas para dejar de serlo :P Intentar√© ir!,es,[],[],[],0,0,2,[],[],https://twitter.com/Cherendler_bond/status/1549455964159594496,False,,0,,,,,,,,"[{'screen_name': 'uriondo', 'name': 'Miguel √Ångel Uriondo', 'id': '2446351'}, {'screen_name': 'TheBridge_Tech', 'name': 'The Bridge', 'id': '1162694149956603904'}, {'screen_name': 'JotDownSpain', 'name': 'Jot Down Magazine', 'id': '243608028'}]",,,,
1549450863558762497,1549450863558762497,2022-07-19 19:47:27 Hora de verano romance,2022-07-19,19:47:27,+0200,2446351,uriondo,Miguel √Ångel Uriondo,,Esto me hace ilusi√≥n. El jueves a las 19 en @TheBridge_Tech hablar√© de la profesi√≥n que amo y que ejerc√≠ locamente durante 20 a√±os para el Programa superior de emprendimiento en periodismo de @JotDownSpain. Elige ¬østreaming o aire acondicionado?  https://t.co/yCk9MxVa0I,es,"[{'screen_name': 'thebridge_tech', 'name': 'the bridge', 'id': '1162694149956603904'}, {'screen_name': 'jotdownspain', 'name': 'jot down magazine', 'id': '243608028'}]",[],['https://pbs.twimg.com/media/FYC_gppXkAALq8w.jpg'],1,7,17,[],[],https://twitter.com/uriondo/status/1549450863558762497,False,,1,https://pbs.twimg.com/media/FYC_gppXkAALq8w.jpg,,,,,,,[],,,,
1547833539306983425,1547679180715806723,2022-07-15 08:40:47 Hora de verano romance,2022-07-15,08:40:47,+0200,1162694149956603904,thebridge_tech,The Bridge,,@Cased93 ¬°Ha sido un placer tenerte como jurado Daniel!‚ò∫Muchas gracias por asistir y conocer de cerca el trabajo de nuestros alumnosüéì,es,[],[],[],0,1,1,[],[],https://twitter.com/TheBridge_Tech/status/1547833539306983425,False,,0,,,,,,,,"[{'screen_name': 'Cased93', 'name': 'Daniel Castillo-Secilla', 'id': '118748532'}]",,,,
1547679180715806723,1547679180715806723,2022-07-14 22:27:25 Hora de verano romance,2022-07-14,22:27:25,+0200,118748532,cased93,Daniel Castillo-Secilla,,Un placer haber asistido hoy como miembro del tribunal por parte de Fujitsu Data Intelligence al acto de defensa y graduaci√≥n del Bootcamp de Data Science organizado por  @TheBridge_Tech   https://t.co/jYYhs7Nmr5,es,"[{'screen_name': 'thebridge_tech', 'name': 'the bridge', 'id': '1162694149956603904'}]",['https://youtu.be/61WsiowdkDA'],[],1,0,1,[],[],https://twitter.com/Cased93/status/1547679180715806723,False,,0,,,,,,,,[],,,,
1547604416177442823,1547604416177442823,2022-07-14 17:30:20 Hora de verano romance,2022-07-14,17:30:20,+0200,1162694149956603904,thebridge_tech,The Bridge,,¬°Empezamos! Sigue el 1¬∫ #desafiodetripulaciones‚öî de #Sevilla @ENCamaraSevilla üî¥EN DIRECTO ¬°No te pierdas el sistema de reconocimiento facial que han creado nuestros chicos de #datascience!  ‚ñ∂ https://t.co/b0ztKy2Gcm,es,"[{'screen_name': 'encamarasevilla', 'name': 'escuela de negocios', 'id': '163586106'}]",['https://www.youtube.com/watch?v=61WsiowdkDA'],[],0,2,1,"['desafiodetripulaciones', 'sevilla', 'datascience']",[],https://twitter.com/TheBridge_Tech/status/1547604416177442823,False,,0,,,,,,,,[],,,,
1547230643561664515,1547230643561664515,2022-07-13 16:45:06 Hora de verano romance,2022-07-13,16:45:06,+0200,1088261225153060864,gohubventures,GoHub Ventures,,üßë‚ÄçüéìLos emprendedores y profesionales digitales del futuro han venido a visitarnos hoy  Los alumnos de @TheBridge_Tech han visto c√≥mo trabaja un fondo VC y han mostrado su inter√©s por conocer qu√© grandes desaf√≠os resuelven nuestras #startups #deeptech   Mucho #talento en el √Ågora  https://t.co/FaCriTMOGw,es,"[{'screen_name': 'thebridge_tech', 'name': 'the bridge', 'id': '1162694149956603904'}]",[],"['https://pbs.twimg.com/media/FXjZfTfWYAAq9Iy.jpg', 'https://pbs.twimg.com/media/FXjbQdPXkAEEMO-.jpg', 'https://pbs.twimg.com/media/FXjbR94XwAANaXw.jpg', 'https://pbs.twimg.com/media/FXjbSySXoAITaJD.jpg']",0,1,4,"['startups', 'deeptech', 'talento']",[],https://twitter.com/GoHubVentures/status/1547230643561664515,False,,1,https://pbs.twimg.com/media/FXjZfTfWYAAq9Iy.jpg,,,,,,,[],,,,
1547209900874506241,1547209900874506241,2022-07-13 15:22:40 Hora de verano romance,2022-07-13,15:22:40,+0200,1232276995796586499,inescalabuig2,Ines Calabuig,,Hoy hemos tenido una s√∫per visita a nuestras oficinas @TheBridge_Techüëâprimera Aceleradora de Talento Digital.  Hemos podido presentar @GoHubVentures  y compartir nuestros HQ con 26 de sus estudiantes y profesores Con muchas ganas de seguir colaborando con ellos en el futuro!  https://t.co/g9MzrP2hdq,es,"[{'screen_name': 'thebridge_tech', 'name': 'the bridge', 'id': '1162694149956603904'}, {'screen_name': 'gohubventures', 'name': 'gohub ventures', 'id': '1088261225153060864'}]",[],"['https://pbs.twimg.com/media/FXjKBJHXEAInxvg.jpg', 'https://pbs.twimg.com/media/FXjKBJNWIAQqBMN.jpg', 'https://pbs.twimg.com/media/FXjKBJQWYAE1P6j.jpg', 'https://pbs.twimg.com/media/FXjKBJPWAAAp3i5.jpg']",0,3,8,[],[],https://twitter.com/InesCalabuig2/status/1547209900874506241,False,,1,https://pbs.twimg.com/media/FXjKBJHXEAInxvg.jpg,,,,,,,[],,,,
1546817334882476032,1546817334882476032,2022-07-12 13:22:45 Hora de verano romance,2022-07-12,13:22:45,+0200,1162694149956603904,thebridge_tech,The Bridge,,¬°Descubre la experiencia de Dani! ‚ñ∂ Dani estudi√≥ una #fp en #desarrolloweb pero ten√≠a claro que quer√≠a especializarse en #ciberseguridad üëæy realiz√≥ el #bootcamp en @TheBridge_Tech ¬°Fue complemento perfecto para conseguir un empleo en el sector!üéØ  https://t.co/eimTUd6rUc,es,"[{'screen_name': 'thebridge_tech', 'name': 'the bridge', 'id': '1162694149956603904'}]",[],[],0,2,0,"['fp', 'desarrolloweb', 'ciberseguridad', 'bootcamp']",[],https://twitter.com/TheBridge_Tech/status/1546817334882476032,False,,1,https://pbs.twimg.com/ext_tw_video_thumb/1546787121654030339/pu/img/QK_q9-4SSgnSuBNE.jpg,,,,,,,[],,,,
1546397466517540866,1546397466517540866,2022-07-11 09:34:21 Hora de verano romance,2022-07-11,09:34:21,+0200,1085383992,wcapitalriesgo,Webcapitalriesgo.com,,#VentureCapital/#PrivateEquity: @TheBridge_Tech cierra una ronda de ‚Ç¨5M liderada por Atitlan  https://t.co/iDnOZ5z5g8,es,"[{'screen_name': 'thebridge_tech', 'name': 'the bridge', 'id': '1162694149956603904'}]",['https://bit.ly/3ysuocM'],[],0,0,0,"['venturecapital', 'privateequity']",[],https://twitter.com/WCapitalRiesgo/status/1546397466517540866,False,,0,,,,,,,,[],,,,
1544988613129261056,1544988613129261056,2022-07-07 12:16:04 Hora de verano romance,2022-07-07,12:16:04,+0200,27890913,elreferente,El Referente,,#Inversiones üí∞üí∞  @TheBridge_Tech ha cerrado una ronda de 5M‚Ç¨ üëÄ  PRINCIPAL INVERSOR ‚úî#Atitlan   ‚¨á‚¨á  https://t.co/2owefjS98d,es,"[{'screen_name': 'thebridge_tech', 'name': 'the bridge', 'id': '1162694149956603904'}]",['https://elreferente.es/inversiones/the-bridge-cierra-ronda-financiacion-5m-acelerar-crecimiento/'],[],0,0,0,"['inversiones', 'atitlan']",[],https://twitter.com/ElReferente/status/1544988613129261056,False,,0,,,,,,,,[],,,,
1544595001086283778,1544595001086283778,2022-07-06 10:12:00 Hora de verano romance,2022-07-06,10:12:00,+0200,190658967,haycanal,hayCANAL.com,,#SAVETHEDATE üö©| @TheBridge_Tech pone en marcha un #bootcamp orientado a formar en dos de las disciplinas que m√°s est√°n creciendo en Espa√±a: #Cloud #Computing &amp; #DevOps‚òÅÔ∏è  üìÜ12 de septiembre üïî Full-time ‚¨áÔ∏è  https://t.co/FJ1IzSpro2,es,"[{'screen_name': 'thebridge_tech', 'name': 'the bridge', 'id': '1162694149956603904'}]",['https://eu1.hubs.ly/H01dYpy0'],[],0,1,0,"['savethedate', 'bootcamp', 'cloud', 'computing', 'devops']",[],https://twitter.com/haycanal/status/1544595001086283778,False,,0,,,,,,,,[],,,,
1544373102997655552,1544373102997655552,2022-07-05 19:30:15 Hora de verano romance,2022-07-05,19:30:15,+0200,89141857,emprenemjunts,Emprenemjunts,,"ü§ùüèº @ceeivalencia y @TheBridge_Tech, primera aceleradora de talento digital, firman un convenio de colaboraci√≥n:  https://t.co/8neFc4j8i4  üéØ Complementar la formaci√≥n t√©cnica del nuevo talento, entre sus principales objetivos.",es,"[{'screen_name': 'ceeivalencia', 'name': 'ceei valencia', 'id': '284115545'}, {'screen_name': 'thebridge_tech', 'name': 'the bridge', 'id': '1162694149956603904'}]",['http://ow.ly/54Up50JM4eM'],[],0,0,0,[],[],https://twitter.com/emprenemjunts/status/1544373102997655552,False,,0,,,,,,,,[],,,,
